name,lat,long,url,rating,comment,sal1,sal2,id_open_close_main,id_customer_main,id_option_main,id_review_main,zone
BAKE@DOME,14.0724934,100.6095193,"https://www.google.com/maps/place/BAKE@DOME/@14.0685255,100.6043406,17.63z/data=!4m11!1m3!2m2!1z4Lih4Lir4Liy4Lin4Li04LiX4Lii4Liy4Lil4Lix4Lii4LiY4Lij4Lij4Lih4Lio4Liy4Liq4LiV4Lij4LmMIOC4qOC4ueC4meC4ouC5jOC4o-C4seC4h-C4quC4tOC4lSDguITguLLguYDguJ_guYg!6e5!3m6!1s0x30e27f7882fdbbc3:0x913d2da122d7467f!8m2!3d14.0724934!4d100.6095193!15sCnHguKHguKvguLLguKfguLTguJfguKLguLLguKXguLHguKLguJjguKPguKPguKHguKjguLLguKrguJXguKPguYwg4Lio4Li54LiZ4Lii4LmM4Lij4Lix4LiH4Liq4Li04LiVIOC4hOC4suC5gOC4n-C5iFp1InPguKHguKvguLLguKfguLTguJfguKLguLLguKXguLHguKIg4LiY4Lij4Lij4Lih4Lio4Liy4Liq4LiV4Lij4LmMIOC4qOC4ueC4meC4ouC5jCDguKPguLHguIfguKrguLTguJUg4LiE4Liy4LmA4Lif4LmIkgELY29mZmVlX3Nob3CqAbEBEAEqEyIP4LiE4Liy4LmA4Lif4LmIKDUyHxABIhtIpYJFuEyHtMJE5X3wuUIU0U9t8KhSNhzQfQkydxACInPguKHguKvguLLguKfguLTguJfguKLguLLguKXguLHguKIg4LiY4Lij4Lij4Lih4Lio4Liy4Liq4LiV4Lij4LmMIOC4qOC4ueC4meC4ouC5jCDguKPguLHguIfguKrguLTguJUg4LiE4Liy4LmA4Lif4LmI4AEA!16s%2Fg%2F11sbprt5c2?entry=ttu&g_ep=EgoyMDI1MDUwNy4wIKXMDSoASAFQAw%3D%3D",4.7,-31,฿100-200 ต่อคน,รายงานโดยผู้ใช้ 13 ราย,oc_175,ci_175,option_175,review_175,krongone
นมสดพระนคร สาขา ม.ธรรมศาสตร์ รังสิต,14.0661358,100.6108141,"https://www.google.com/maps/place/%E0%B8%99%E0%B8%A1%E0%B8%AA%E0%B8%94%E0%B8%9E%E0%B8%A3%E0%B8%B0%E0%B8%99%E0%B8%84%E0%B8%A3+%E0%B8%AA%E0%B8%B2%E0%B8%82%E0%B8%B2+%E0%B8%A1.%E0%B8%98%E0%B8%A3%E0%B8%A3%E0%B8%A1%E0%B8%A8%E0%B8%B2%E0%B8%AA%E0%B8%95%E0%B8%A3%E0%B9%8C+%E0%B8%A3%E0%B8%B1%E0%B8%87%E0%B8%AA%E0%B8%B4%E0%B8%95/@14.0685255,100.6043406,17.63z/data=!4m11!1m3!2m2!1z4Lih4Lir4Liy4Lin4Li04LiX4Lii4Liy4Lil4Lix4Lii4LiY4Lij4Lij4Lih4Lio4Liy4Liq4LiV4Lij4LmMIOC4qOC4ueC4meC4ouC5jOC4o-C4seC4h-C4quC4tOC4lSDguITguLLguYDguJ_guYg!6e5!3m6!1s0x311d813091064a4b:0x6b96e106354dca8!8m2!3d14.0661358!4d100.6108141!15sCnHguKHguKvguLLguKfguLTguJfguKLguLLguKXguLHguKLguJjguKPguKPguKHguKjguLLguKrguJXguKPguYwg4Lio4Li54LiZ4Lii4LmM4Lij4Lix4LiH4Liq4Li04LiVIOC4hOC4suC5gOC4n-C5iFp1InPguKHguKvguLLguKfguLTguJfguKLguLLguKXguLHguKIg4LiY4Lij4Lij4Lih4Lio4Liy4Liq4LiV4Lij4LmMIOC4qOC4ueC4meC4ouC5jCDguKPguLHguIfguKrguLTguJUg4LiE4Liy4LmA4Lif4LmIkgEEY2FmZaoBsQEQASoTIg_guITguLLguYDguJ_guYgoNTIfEAEiG0ilgkW4TIe0wkTlffC5QhTRT23wqFI2HNB9CTJ3EAIic-C4oeC4q-C4suC4p-C4tOC4l-C4ouC4suC4peC4seC4oiDguJjguKPguKPguKHguKjguLLguKrguJXguKPguYwg4Lio4Li54LiZ4Lii4LmMIOC4o-C4seC4h-C4quC4tOC4lSDguITguLLguYDguJ_guYjgAQA!16s%2Fg%2F11y65x34m8?entry=ttu&g_ep=EgoyMDI1MDUwNy4wIKXMDSoASAFQAw%3D%3D",4.7,-161,฿100-200 ต่อคน,รายงานโดยผู้ใช้ 57 ราย,oc_176,ci_176,option_176,review_176,krongone
วัน มอร์ คาเฟ่ ONE MORE COFFEE,14.0656183,100.6086772,"https://www.google.com/maps/place/%E0%B8%A7%E0%B8%B1%E0%B8%99+%E0%B8%A1%E0%B8%AD%E0%B8%A3%E0%B9%8C+%E0%B8%84%E0%B8%B2%E0%B9%80%E0%B8%9F%E0%B9%88+ONE+MORE+COFFEE/@14.0685255,100.6043406,17.63z/data=!4m11!1m3!2m2!1z4Lih4Lir4Liy4Lin4Li04LiX4Lii4Liy4Lil4Lix4Lii4LiY4Lij4Lij4Lih4Lio4Liy4Liq4LiV4Lij4LmMIOC4qOC4ueC4meC4ouC5jOC4o-C4seC4h-C4quC4tOC4lSDguITguLLguYDguJ_guYg!6e5!3m6!1s0x30e27fc6b48dc2dd:0x8be3ea28789be7ca!8m2!3d14.0656183!4d100.6086772!15sCnHguKHguKvguLLguKfguLTguJfguKLguLLguKXguLHguKLguJjguKPguKPguKHguKjguLLguKrguJXguKPguYwg4Lio4Li54LiZ4Lii4LmM4Lij4Lix4LiH4Liq4Li04LiVIOC4hOC4suC5gOC4n-C5iFp1InPguKHguKvguLLguKfguLTguJfguKLguLLguKXguLHguKIg4LiY4Lij4Lij4Lih4Lio4Liy4Liq4LiV4Lij4LmMIOC4qOC4ueC4meC4ouC5jCDguKPguLHguIfguKrguLTguJUg4LiE4Liy4LmA4Lif4LmIkgELY29mZmVlX3Nob3CqAbEBEAEqEyIP4LiE4Liy4LmA4Lif4LmIKDUyHxABIhtIpYJFuEyHtMJE5X3wuUIU0U9t8KhSNhzQfQkydxACInPguKHguKvguLLguKfguLTguJfguKLguLLguKXguLHguKIg4LiY4Lij4Lij4Lih4Lio4Liy4Liq4LiV4Lij4LmMIOC4qOC4ueC4meC4ouC5jCDguKPguLHguIfguKrguLTguJUg4LiE4Liy4LmA4Lif4LmI4AEA!16s%2Fg%2F11h9lllpbq?entry=ttu&g_ep=EgoyMDI1MDUwNy4wIKXMDSoASAFQAw%3D%3D",4.3,-28,฿100-200 ต่อคน,รายงานโดยผู้ใช้ 7 ราย,oc_177,ci_177,option_177,review_177,krongone
D'ORO K-Common ม.ธรรมศาสตร์ รังสิต,14.0751419,100.602272,"https://www.google.com/maps/place/D'ORO+K-Common+%E0%B8%A1.%E0%B8%98%E0%B8%A3%E0%B8%A3%E0%B8%A1%E0%B8%A8%E0%B8%B2%E0%B8%AA%E0%B8%95%E0%B8%A3%E0%B9%8C+%E0%B8%A3%E0%B8%B1%E0%B8%87%E0%B8%AA%E0%B8%B4%E0%B8%95/@14.0685255,100.6043406,17.63z/data=!4m11!1m3!2m2!1z4Lih4Lir4Liy4Lin4Li04LiX4Lii4Liy4Lil4Lix4Lii4LiY4Lij4Lij4Lih4Lio4Liy4Liq4LiV4Lij4LmMIOC4qOC4ueC4meC4ouC5jOC4o-C4seC4h-C4quC4tOC4lSDguITguLLguYDguJ_guYg!6e5!3m6!1s0x30e27f041967da45:0x2a6f4d05ebed70de!8m2!3d14.0751419!4d100.602272!15sCnHguKHguKvguLLguKfguLTguJfguKLguLLguKXguLHguKLguJjguKPguKPguKHguKjguLLguKrguJXguKPguYwg4Lio4Li54LiZ4Lii4LmM4Lij4Lix4LiH4Liq4Li04LiVIOC4hOC4suC5gOC4n-C5iFp1InPguKHguKvguLLguKfguLTguJfguKLguLLguKXguLHguKIg4LiY4Lij4Lij4Lih4Lio4Liy4Liq4LiV4Lij4LmMIOC4qOC4ueC4meC4ouC5jCDguKPguLHguIfguKrguLTguJUg4LiE4Liy4LmA4Lif4LmIkgEEY2FmZaoBsQEQASoTIg_guITguLLguYDguJ_guYgoNTIfEAEiG0ilgkW4TIe0wkTlffC5QhTRT23wqFI2HNB9CTJ3EAIic-C4oeC4q-C4suC4p-C4tOC4l-C4ouC4suC4peC4seC4oiDguJjguKPguKPguKHguKjguLLguKrguJXguKPguYwg4Lio4Li54LiZ4Lii4LmMIOC4o-C4seC4h-C4quC4tOC4lSDguITguLLguYDguJ_guYjgAQA!16s%2Fg%2F11mpzyc_6m?entry=ttu&g_ep=EgoyMDI1MDUwNy4wIKXMDSoASAFQAw%3D%3D",4.5,-24,฿1-100 ต่อคน,รายงานโดยผู้ใช้ 10 ราย,oc_178,ci_178,option_178,review_178,krongone
ENDLESSLY COFFEE TU,14.066791,100.602289,"https://www.google.com/maps/place/ENDLESSLY+COFFEE+TU/@14.0685255,100.6043406,17.63z/data=!4m11!1m3!2m2!1z4Lih4Lir4Liy4Lin4Li04LiX4Lii4Liy4Lil4Lix4Lii4LiY4Lij4Lij4Lih4Lio4Liy4Liq4LiV4Lij4LmMIOC4qOC4ueC4meC4ouC5jOC4o-C4seC4h-C4quC4tOC4lSDguITguLLguYDguJ_guYg!6e5!3m6!1s0x30e27f96f72ff251:0xdd5cbf93c4b09f18!8m2!3d14.066791!4d100.602289!15sCnHguKHguKvguLLguKfguLTguJfguKLguLLguKXguLHguKLguJjguKPguKPguKHguKjguLLguKrguJXguKPguYwg4Lio4Li54LiZ4Lii4LmM4Lij4Lix4LiH4Liq4Li04LiVIOC4hOC4suC5gOC4n-C5iFp1InPguKHguKvguLLguKfguLTguJfguKLguLLguKXguLHguKIg4LiY4Lij4Lij4Lih4Lio4Liy4Liq4LiV4Lij4LmMIOC4qOC4ueC4meC4ouC5jCDguKPguLHguIfguKrguLTguJUg4LiE4Liy4LmA4Lif4LmIkgELY29mZmVlX3Nob3CqAbEBEAEqEyIP4LiE4Liy4LmA4Lif4LmIKDUyHxABIhtIpYJFuEyHtMJE5X3wuUIU0U9t8KhSNhzQfQkydxACInPguKHguKvguLLguKfguLTguJfguKLguLLguKXguLHguKIg4LiY4Lij4Lij4Lih4Lio4Liy4Liq4LiV4Lij4LmMIOC4qOC4ueC4meC4ouC5jCDguKPguLHguIfguKrguLTguJUg4LiE4Liy4LmA4Lif4LmI4AEA!16s%2Fg%2F11ww925bjc?entry=ttu&g_ep=EgoyMDI1MDUwNy4wIKXMDSoASAFQAw%3D%3D",5,-11,฿1-200 ต่อคน,รายงานโดยผู้ใช้ 4 ราย,oc_179,ci_179,option_179,review_179,krongone
Café Amazon สาขา ตรงข้ามโรงอาหารกลาง ม.ธรรมศาสตร์ ศูนย์รังสิต (SC1261),14.073262,100.601931,"https://www.google.com/maps/place/Caf%C3%A9+Amazon+%E0%B8%AA%E0%B8%B2%E0%B8%82%E0%B8%B2+%E0%B8%95%E0%B8%A3%E0%B8%87%E0%B8%82%E0%B9%89%E0%B8%B2%E0%B8%A1%E0%B9%82%E0%B8%A3%E0%B8%87%E0%B8%AD%E0%B8%B2%E0%B8%AB%E0%B8%B2%E0%B8%A3%E0%B8%81%E0%B8%A5%E0%B8%B2%E0%B8%87+%E0%B8%A1.%E0%B8%98%E0%B8%A3%E0%B8%A3%E0%B8%A1%E0%B8%A8%E0%B8%B2%E0%B8%AA%E0%B8%95%E0%B8%A3%E0%B9%8C+%E0%B8%A8%E0%B8%B9%E0%B8%99%E0%B8%A2%E0%B9%8C%E0%B8%A3%E0%B8%B1%E0%B8%87%E0%B8%AA%E0%B8%B4%E0%B8%95+(SC1261)/@14.068561,100.6037084,18z/data=!4m11!1m3!2m2!1z4Lih4Lir4Liy4Lin4Li04LiX4Lii4Liy4Lil4Lix4Lii4LiY4Lij4Lij4Lih4Lio4Liy4Liq4LiV4Lij4LmMIOC4qOC4ueC4meC4ouC5jOC4o-C4seC4h-C4quC4tOC4lSDguITguLLguYDguJ_guYg!6e5!3m6!1s0x30e27f7437b95bd3:0x939867606057ad5a!8m2!3d14.073262!4d100.601931!15sCnHguKHguKvguLLguKfguLTguJfguKLguLLguKXguLHguKLguJjguKPguKPguKHguKjguLLguKrguJXguKPguYwg4Lio4Li54LiZ4Lii4LmM4Lij4Lix4LiH4Liq4Li04LiVIOC4hOC4suC5gOC4n-C5iFp1InPguKHguKvguLLguKfguLTguJfguKLguLLguKXguLHguKIg4LiY4Lij4Lij4Lih4Lio4Liy4Liq4LiV4Lij4LmMIOC4qOC4ueC4meC4ouC5jCDguKPguLHguIfguKrguLTguJUg4LiE4Liy4LmA4Lif4LmIkgEEY2FmZaoBsQEQASoTIg_guITguLLguYDguJ_guYgoNTIfEAEiG0ilgkW4TIe0wkTlffC5QhTRT23wqFI2HNB9CTJ3EAIic-C4oeC4q-C4suC4p-C4tOC4l-C4ouC4suC4peC4seC4oiDguJjguKPguKPguKHguKjguLLguKrguJXguKPguYwg4Lio4Li54LiZ4Lii4LmMIOC4o-C4seC4h-C4quC4tOC4lSDguITguLLguYDguJ_guYjgAQA!16s%2Fg%2F11v3szc98c?entry=ttu&g_ep=EgoyMDI1MDUwNy4wIKXMDSoASAFQAw%3D%3D",4.8,-9,,,oc_180,ci_180,option_180,review_180,krongone
Sand Cafe',14.0692201,100.6005734,"https://www.google.com/maps/place/Sand+Cafe'/@14.068561,100.6037084,18z/data=!4m11!1m3!2m2!1z4Lih4Lir4Liy4Lin4Li04LiX4Lii4Liy4Lil4Lix4Lii4LiY4Lij4Lij4Lih4Lio4Liy4Liq4LiV4Lij4LmMIOC4qOC4ueC4meC4ouC5jOC4o-C4seC4h-C4quC4tOC4lSDguITguLLguYDguJ_guYg!6e5!3m6!1s0x30e27fe97d5f8ea3:0xf56067d0596a0a58!8m2!3d14.0692201!4d100.6005734!15sCnHguKHguKvguLLguKfguLTguJfguKLguLLguKXguLHguKLguJjguKPguKPguKHguKjguLLguKrguJXguKPguYwg4Lio4Li54LiZ4Lii4LmM4Lij4Lix4LiH4Liq4Li04LiVIOC4hOC4suC5gOC4n-C5iFp1InPguKHguKvguLLguKfguLTguJfguKLguLLguKXguLHguKIg4LiY4Lij4Lij4Lih4Lio4Liy4Liq4LiV4Lij4LmMIOC4qOC4ueC4meC4ouC5jCDguKPguLHguIfguKrguLTguJUg4LiE4Liy4LmA4Lif4LmIkgEEY2FmZaoBsQEQASoTIg_guITguLLguYDguJ_guYgoNTIfEAEiG0ilgkW4TIe0wkTlffC5QhTRT23wqFI2HNB9CTJ3EAIic-C4oeC4q-C4suC4p-C4tOC4l-C4ouC4suC4peC4seC4oiDguJjguKPguKPguKHguKjguLLguKrguJXguKPguYwg4Lio4Li54LiZ4Lii4LmMIOC4o-C4seC4h-C4quC4tOC4lSDguITguLLguYDguJ_guYjgAQA!16s%2Fg%2F11g691jddp?entry=ttu&g_ep=EgoyMDI1MDUwNy4wIKXMDSoASAFQAw%3D%3D",4,-4,,,oc_181,ci_181,option_181,review_181,krongone
Hotto Bun ธรรมศาสตร์,14.0692159,100.6010352,"https://www.google.com/maps/place/Hotto+Bun+%E0%B8%98%E0%B8%A3%E0%B8%A3%E0%B8%A1%E0%B8%A8%E0%B8%B2%E0%B8%AA%E0%B8%95%E0%B8%A3%E0%B9%8C/@14.068561,100.6037084,18z/data=!4m11!1m3!2m2!1z4Lih4Lir4Liy4Lin4Li04LiX4Lii4Liy4Lil4Lix4Lii4LiY4Lij4Lij4Lih4Lio4Liy4Liq4LiV4Lij4LmMIOC4qOC4ueC4meC4ouC5jOC4o-C4seC4h-C4quC4tOC4lSDguITguLLguYDguJ_guYg!6e5!3m6!1s0x30e27fe9620d542d:0x36540e832139197d!8m2!3d14.0692159!4d100.6010352!15sCnHguKHguKvguLLguKfguLTguJfguKLguLLguKXguLHguKLguJjguKPguKPguKHguKjguLLguKrguJXguKPguYwg4Lio4Li54LiZ4Lii4LmM4Lij4Lix4LiH4Liq4Li04LiVIOC4hOC4suC5gOC4n-C5iFp1InPguKHguKvguLLguKfguLTguJfguKLguLLguKXguLHguKIg4LiY4Lij4Lij4Lih4Lio4Liy4Liq4LiV4Lij4LmMIOC4qOC4ueC4meC4ouC5jCDguKPguLHguIfguKrguLTguJUg4LiE4Liy4LmA4Lif4LmIkgEKcmVzdGF1cmFudKoBsQEQASoTIg_guITguLLguYDguJ_guYgoNTIfEAEiG0ilgkW4TIe0wkTlffC5QhTRT23wqFI2HNB9CTJ3EAIic-C4oeC4q-C4suC4p-C4tOC4l-C4ouC4suC4peC4seC4oiDguJjguKPguKPguKHguKjguLLguKrguJXguKPguYwg4Lio4Li54LiZ4Lii4LmMIOC4o-C4seC4h-C4quC4tOC4lSDguITguLLguYDguJ_guYjgAQA!16s%2Fg%2F11b7hds8h3?entry=ttu&g_ep=EgoyMDI1MDUwNy4wIKXMDSoASAFQAw%3D%3D",4.4,-192,฿100-200 ต่อคน,รายงานโดยผู้ใช้ 12 ราย,oc_182,ci_182,option_182,review_182,krongone
สตาร์บัคส์ (โรงพยาบาลธรรมศาสตร์เฉลิมพระเกียรติ),14.0742935,100.6165165,"https://www.google.com/maps/place/%E0%B8%AA%E0%B8%95%E0%B8%B2%E0%B8%A3%E0%B9%8C%E0%B8%9A%E0%B8%B1%E0%B8%84%E0%B8%AA%E0%B9%8C+(%E0%B9%82%E0%B8%A3%E0%B8%87%E0%B8%9E%E0%B8%A2%E0%B8%B2%E0%B8%9A%E0%B8%B2%E0%B8%A5%E0%B8%98%E0%B8%A3%E0%B8%A3%E0%B8%A1%E0%B8%A8%E0%B8%B2%E0%B8%AA%E0%B8%95%E0%B8%A3%E0%B9%8C%E0%B9%80%E0%B8%89%E0%B8%A5%E0%B8%B4%E0%B8%A1%E0%B8%9E%E0%B8%A3%E0%B8%B0%E0%B9%80%E0%B8%81%E0%B8%B5%E0%B8%A2%E0%B8%A3%E0%B8%95%E0%B8%B4)/@14.068561,100.6037084,18z/data=!4m11!1m3!2m2!1z4Lih4Lir4Liy4Lin4Li04LiX4Lii4Liy4Lil4Lix4Lii4LiY4Lij4Lij4Lih4Lio4Liy4Liq4LiV4Lij4LmMIOC4qOC4ueC4meC4ouC5jOC4o-C4seC4h-C4quC4tOC4lSDguITguLLguYDguJ_guYg!6e5!3m6!1s0x30e27f6f742ac8bf:0xcb1bacd6ac1240ca!8m2!3d14.0742935!4d100.6165165!15sCnHguKHguKvguLLguKfguLTguJfguKLguLLguKXguLHguKLguJjguKPguKPguKHguKjguLLguKrguJXguKPguYwg4Lio4Li54LiZ4Lii4LmM4Lij4Lix4LiH4Liq4Li04LiVIOC4hOC4suC5gOC4n-C5iFp1InPguKHguKvguLLguKfguLTguJfguKLguLLguKXguLHguKIg4LiY4Lij4Lij4Lih4Lio4Liy4Liq4LiV4Lij4LmMIOC4qOC4ueC4meC4ouC5jCDguKPguLHguIfguKrguLTguJUg4LiE4Liy4LmA4Lif4LmIkgELY29mZmVlX3Nob3CqAbEBEAEqEyIP4LiE4Liy4LmA4Lif4LmIKDUyHxABIhtIpYJFuEyHtMJE5X3wuUIU0U9t8KhSNhzQfQkydxACInPguKHguKvguLLguKfguLTguJfguKLguLLguKXguLHguKIg4LiY4Lij4Lij4Lih4Lio4Liy4Liq4LiV4Lij4LmMIOC4qOC4ueC4meC4ouC5jCDguKPguLHguIfguKrguLTguJUg4LiE4Liy4LmA4Lif4LmI4AEA!16s%2Fg%2F11h20gqcdm?entry=ttu&g_ep=EgoyMDI1MDUwNy4wIKXMDSoASAFQAw%3D%3D",4.5,-170,฿100-200 ต่อคน,รายงานโดยผู้ใช้ 30 ราย,oc_183,ci_183,option_183,review_183,krongone
สตาร์บัคส์,14.0713954,100.6022491,"https://www.google.com/maps/place/%E0%B8%AA%E0%B8%95%E0%B8%B2%E0%B8%A3%E0%B9%8C%E0%B8%9A%E0%B8%B1%E0%B8%84%E0%B8%AA%E0%B9%8C/@14.068561,100.6037084,18z/data=!4m11!1m3!2m2!1z4Lih4Lir4Liy4Lin4Li04LiX4Lii4Liy4Lil4Lix4Lii4LiY4Lij4Lij4Lih4Lio4Liy4Liq4LiV4Lij4LmMIOC4qOC4ueC4meC4ouC5jOC4o-C4seC4h-C4quC4tOC4lSDguITguLLguYDguJ_guYg!6e5!3m6!1s0x30de11417d8e487d:0x845d94b6f445589d!8m2!3d14.0713954!4d100.6022491!15sCnHguKHguKvguLLguKfguLTguJfguKLguLLguKXguLHguKLguJjguKPguKPguKHguKjguLLguKrguJXguKPguYwg4Lio4Li54LiZ4Lii4LmM4Lij4Lix4LiH4Liq4Li04LiVIOC4hOC4suC5gOC4n-C5iFp1InPguKHguKvguLLguKfguLTguJfguKLguLLguKXguLHguKIg4LiY4Lij4Lij4Lih4Lio4Liy4Liq4LiV4Lij4LmMIOC4qOC4ueC4meC4ouC5jCDguKPguLHguIfguKrguLTguJUg4LiE4Liy4LmA4Lif4LmIkgELY29mZmVlX3Nob3CqAbEBEAEqEyIP4LiE4Liy4LmA4Lif4LmIKDUyHxABIhtIpYJFuEyHtMJE5X3wuUIU0U9t8KhSNhzQfQkydxACInPguKHguKvguLLguKfguLTguJfguKLguLLguKXguLHguKIg4LiY4Lij4Lij4Lih4Lio4Liy4Liq4LiV4Lij4LmMIOC4qOC4ueC4meC4ouC5jCDguKPguLHguIfguKrguLTguJUg4LiE4Liy4LmA4Lif4LmI4AEA!16s%2Fg%2F11bztzwbs2?entry=ttu&g_ep=EgoyMDI1MDUwNy4wIKXMDSoASAFQAw%3D%3D",4.5,-297,฿100-200 ต่อคน,รายงานโดยผู้ใช้ 14 ราย,oc_184,ci_184,option_184,review_184,krongone
U TREE NEE,14.0690485,100.6054645,"https://www.google.com/maps/place/U+TREE+NEE/@14.068561,100.6037084,18z/data=!4m11!1m3!2m2!1z4Lih4Lir4Liy4Lin4Li04LiX4Lii4Liy4Lil4Lix4Lii4LiY4Lij4Lij4Lih4Lio4Liy4Liq4LiV4Lij4LmMIOC4qOC4ueC4meC4ouC5jOC4o-C4seC4h-C4quC4tOC4lSDguITguLLguYDguJ_guYg!6e5!3m6!1s0x30e27f5ffaab9713:0x4d06f1a7a6658bdb!8m2!3d14.0690485!4d100.6054645!15sCnHguKHguKvguLLguKfguLTguJfguKLguLLguKXguLHguKLguJjguKPguKPguKHguKjguLLguKrguJXguKPguYwg4Lio4Li54LiZ4Lii4LmM4Lij4Lix4LiH4Liq4Li04LiVIOC4hOC4suC5gOC4n-C5iFp1InPguKHguKvguLLguKfguLTguJfguKLguLLguKXguLHguKIg4LiY4Lij4Lij4Lih4Lio4Liy4Liq4LiV4Lij4LmMIOC4qOC4ueC4meC4ouC5jCDguKPguLHguIfguKrguLTguJUg4LiE4Liy4LmA4Lif4LmIkgEEY2FmZaoBsQEQASoTIg_guITguLLguYDguJ_guYgoNTIfEAEiG0ilgkW4TIe0wkTlffC5QhTRT23wqFI2HNB9CTJ3EAIic-C4oeC4q-C4suC4p-C4tOC4l-C4ouC4suC4peC4seC4oiDguJjguKPguKPguKHguKjguLLguKrguJXguKPguYwg4Lio4Li54LiZ4Lii4LmMIOC4o-C4seC4h-C4quC4tOC4lSDguITguLLguYDguJ_guYjgAQA!16s%2Fg%2F11j2gz54q4?entry=ttu&g_ep=EgoyMDI1MDUwNy4wIKXMDSoASAFQAw%3D%3D",5,-1,,,oc_185,ci_185,option_185,review_185,krongone
S&P ม.ธรรมศาสตร์รังสิต,14.073148,100.6013627,"https://www.google.com/maps/place/S%26P+%E0%B8%A1.%E0%B8%98%E0%B8%A3%E0%B8%A3%E0%B8%A1%E0%B8%A8%E0%B8%B2%E0%B8%AA%E0%B8%95%E0%B8%A3%E0%B9%8C%E0%B8%A3%E0%B8%B1%E0%B8%87%E0%B8%AA%E0%B8%B4%E0%B8%95/@14.068561,100.6037084,18z/data=!4m11!1m3!2m2!1z4Lih4Lir4Liy4Lin4Li04LiX4Lii4Liy4Lil4Lix4Lii4LiY4Lij4Lij4Lih4Lio4Liy4Liq4LiV4Lij4LmMIOC4qOC4ueC4meC4ouC5jOC4o-C4seC4h-C4quC4tOC4lSDguITguLLguYDguJ_guYg!6e5!3m6!1s0x30e27feb6d1e049d:0x1fb51b745f2d519f!8m2!3d14.073148!4d100.6013627!15sCnHguKHguKvguLLguKfguLTguJfguKLguLLguKXguLHguKLguJjguKPguKPguKHguKjguLLguKrguJXguKPguYwg4Lio4Li54LiZ4Lii4LmM4Lij4Lix4LiH4Liq4Li04LiVIOC4hOC4suC5gOC4n-C5iFp1InPguKHguKvguLLguKfguLTguJfguKLguLLguKXguLHguKIg4LiY4Lij4Lij4Lih4Lio4Liy4Liq4LiV4Lij4LmMIOC4qOC4ueC4meC4ouC5jCDguKPguLHguIfguKrguLTguJUg4LiE4Liy4LmA4Lif4LmIkgEKcmVzdGF1cmFudJoBI0NoWkRTVWhOTUc5blMwVkpRMEZuU1VOdGMweEVlRVpCRUFFqgGxARABKhMiD-C4hOC4suC5gOC4n-C5iCg1Mh8QASIbSKWCRbhMh7TCROV98LlCFNFPbfCoUjYc0H0JMncQAiJz4Lih4Lir4Liy4Lin4Li04LiX4Lii4Liy4Lil4Lix4LiiIOC4mOC4o-C4o-C4oeC4qOC4suC4quC4leC4o-C5jCDguKjguLnguJnguKLguYwg4Lij4Lix4LiH4Liq4Li04LiVIOC4hOC4suC5gOC4n-C5iOABAPoBBAgAECg!16s%2Fg%2F11c4vlzfz1?entry=ttu&g_ep=EgoyMDI1MDUwNy4wIKXMDSoASAFQAw%3D%3D",4.1,-67,,,oc_186,ci_186,option_186,review_186,krongone
โกโก้ในตำนาน - ธรรมศาสตร์แฟร์,14.0672486,100.603416,"https://www.google.com/maps/place/%E0%B9%82%E0%B8%81%E0%B9%82%E0%B8%81%E0%B9%89%E0%B9%83%E0%B8%99%E0%B8%95%E0%B8%B3%E0%B8%99%E0%B8%B2%E0%B8%99+-+%E0%B8%98%E0%B8%A3%E0%B8%A3%E0%B8%A1%E0%B8%A8%E0%B8%B2%E0%B8%AA%E0%B8%95%E0%B8%A3%E0%B9%8C%E0%B9%81%E0%B8%9F%E0%B8%A3%E0%B9%8C/@14.068561,100.6037084,18z/data=!4m11!1m3!2m2!1z4Lih4Lir4Liy4Lin4Li04LiX4Lii4Liy4Lil4Lix4Lii4LiY4Lij4Lij4Lih4Lio4Liy4Liq4LiV4Lij4LmMIOC4qOC4ueC4meC4ouC5jOC4o-C4seC4h-C4quC4tOC4lSDguITguLLguYDguJ_guYg!6e5!3m6!1s0x30e27f0072a9d177:0x75dff013f02efbda!8m2!3d14.0672486!4d100.603416!15sCnHguKHguKvguLLguKfguLTguJfguKLguLLguKXguLHguKLguJjguKPguKPguKHguKjguLLguKrguJXguKPguYwg4Lio4Li54LiZ4Lii4LmM4Lij4Lix4LiH4Liq4Li04LiVIOC4hOC4suC5gOC4n-C5iJIBC2NvZmZlZV9zaG9wqgGxARABKhMiD-C4hOC4suC5gOC4n-C5iCg1Mh8QASIbSKWCRbhMh7TCROV98LlCFNFPbfCoUjYc0H0JMncQAiJz4Lih4Lir4Liy4Lin4Li04LiX4Lii4Liy4Lil4Lix4LiiIOC4mOC4o-C4o-C4oeC4qOC4suC4quC4leC4o-C5jCDguKjguLnguJnguKLguYwg4Lij4Lix4LiH4Liq4Li04LiVIOC4hOC4suC5gOC4n-C5iOABAA!16s%2Fg%2F11x7vj6mfx?entry=ttu&g_ep=EgoyMDI1MDUwNy4wIKXMDSoASAFQAw%3D%3D",4,-1,,,oc_187,ci_187,option_187,review_187,krongone
โดเม่ คาเฟ่ Dome' Cafe,14.074725,100.5970701,"https://www.google.com/maps/place/%E0%B9%82%E0%B8%94%E0%B9%80%E0%B8%A1%E0%B9%88+%E0%B8%84%E0%B8%B2%E0%B9%80%E0%B8%9F%E0%B9%88+Dome'+Cafe/@14.068561,100.6037084,18z/data=!4m11!1m3!2m2!1z4Lih4Lir4Liy4Lin4Li04LiX4Lii4Liy4Lil4Lix4Lii4LiY4Lij4Lij4Lih4Lio4Liy4Liq4LiV4Lij4LmMIOC4qOC4ueC4meC4ouC5jOC4o-C4seC4h-C4quC4tOC4lSDguITguLLguYDguJ_guYg!6e5!3m6!1s0x30e27fc002275d39:0xf9a5714628303870!8m2!3d14.074725!4d100.5970701!15sCnHguKHguKvguLLguKfguLTguJfguKLguLLguKXguLHguKLguJjguKPguKPguKHguKjguLLguKrguJXguKPguYwg4Lio4Li54LiZ4Lii4LmM4Lij4Lix4LiH4Liq4Li04LiVIOC4hOC4suC5gOC4n-C5iFp1InPguKHguKvguLLguKfguLTguJfguKLguLLguKXguLHguKIg4LiY4Lij4Lij4Lih4Lio4Liy4Liq4LiV4Lij4LmMIOC4qOC4ueC4meC4ouC5jCDguKPguLHguIfguKrguLTguJUg4LiE4Liy4LmA4Lif4LmIkgEEY2FmZaoBsQEQASoTIg_guITguLLguYDguJ_guYgoNTIfEAEiG0ilgkW4TIe0wkTlffC5QhTRT23wqFI2HNB9CTJ3EAIic-C4oeC4q-C4suC4p-C4tOC4l-C4ouC4suC4peC4seC4oiDguJjguKPguKPguKHguKjguLLguKrguJXguKPguYwg4Lio4Li54LiZ4Lii4LmMIOC4o-C4seC4h-C4quC4tOC4lSDguITguLLguYDguJ_guYjgAQA!16s%2Fg%2F12qh15ds2?entry=ttu&g_ep=EgoyMDI1MDUwNy4wIKXMDSoASAFQAw%3D%3D",4.4,-11,,,oc_188,ci_188,option_188,review_188,krongone
Time-Out Café and Restaurant,14.0806333,100.6112442,"https://www.google.com/maps/place/Time-Out+Caf%C3%A9+and+Restaurant/@14.0806333,100.6038445,16z/data=!4m10!1m2!2m1!1zQUlUIOC4hOC4suC5gOC4n-C5iA!3m6!1s0x30e27f8e87106345:0x6791ac9b60a2fe90!8m2!3d14.0806333!4d100.6112442!15sChNBSVQg4LiE4Liy4LmA4Lif4LmIWhUiE2FpdCDguITguLLguYDguJ_guYiSAQRjYWZlqgFbCgkvbS8wMm53amcQASoTIg_guITguLLguYDguJ_guYgoNTIeEAEiGr94hKY8R-j7IKaFksxqGhrH4c65olGM9i_eMhcQAiITYWl0IOC4hOC4suC5gOC4n-C5iOABAA!16s%2Fg%2F11c808_klq?entry=ttu&g_ep=EgoyMDI1MDUwNy4wIKXMDSoASAFQAw%3D%3D",4.6,-54,,,oc_189,ci_189,option_189,review_189,krongone
เดอะดิเนอร์,14.0783749,100.6171055,"https://www.google.com/maps/place/%E0%B9%80%E0%B8%94%E0%B8%AD%E0%B8%B0%E0%B8%94%E0%B8%B4%E0%B9%80%E0%B8%99%E0%B8%AD%E0%B8%A3%E0%B9%8C/@14.0806333,100.6038445,16z/data=!4m10!1m2!2m1!1zQUlUIOC4hOC4suC5gOC4n-C5iA!3m6!1s0x30e27f4409b153df:0xcbafe6b164b60783!8m2!3d14.0783749!4d100.6171055!15sChNBSVQg4LiE4Liy4LmA4Lif4LmIWhUiE2FpdCDguITguLLguYDguJ_guYiSARJzZWFmb29kX3Jlc3RhdXJhbnSqAVsKCS9tLzAybndqZxABKhMiD-C4hOC4suC5gOC4n-C5iCg1Mh4QASIav3iEpjxH6PsgpoWSzGoaGsfhzrmiUYz2L94yFxACIhNhaXQg4LiE4Liy4LmA4Lif4LmI4AEA!16s%2Fg%2F11sgr91yz4?entry=ttu&g_ep=EgoyMDI1MDUwNy4wIKXMDSoASAFQAw%3D%3D",4.5,-30,฿100-200 ต่อคน,รายงานโดยผู้ใช้ 8 ราย,oc_190,ci_190,option_190,review_190,krongone
"Tan90: Tea, Coffee and snacks",14.0799052,100.6135468,"https://www.google.com/maps/place/Tan90:+Tea,+Coffee+and+snacks/@14.0806333,100.6038445,16z/data=!4m10!1m2!2m1!1zQUlUIOC4hOC4suC5gOC4n-C5iA!3m6!1s0x30e27f27363aed81:0x4948f4abd0f20a10!8m2!3d14.0799052!4d100.6135468!15sChNBSVQg4LiE4Liy4LmA4Lif4LmIWhUiE2FpdCDguITguLLguYDguJ_guYiSAQRjYWZlqgFbCgkvbS8wMm53amcQASoTIg_guITguLLguYDguJ_guYgoNTIeEAEiGr94hKY8R-j7IKaFksxqGhrH4c65olGM9i_eMhcQAiITYWl0IOC4hOC4suC5gOC4n-C5iOABAA!16s%2Fg%2F11x1krpsd5?entry=ttu&g_ep=EgoyMDI1MDUwNy4wIKXMDSoASAFQAw%3D%3D",5,-5,,,oc_191,ci_191,option_191,review_191,krongone
AIT thai rice shop,14.0783947,100.6146511,"https://www.google.com/maps/place/AIT+thai+rice+shop/@14.0806333,100.6038445,16z/data=!4m10!1m2!2m1!1zQUlUIOC4hOC4suC5gOC4n-C5iA!3m6!1s0x30e27f8b8d97a729:0x59e559cb418013ee!8m2!3d14.0783947!4d100.6146511!15sChNBSVQg4LiE4Liy4LmA4Lif4LmIWhUiE2FpdCDguITguLLguYDguJ_guYiSAQpyZXN0YXVyYW50qgFbCgkvbS8wMm53amcQASoTIg_guITguLLguYDguJ_guYgoNTIeEAEiGr94hKY8R-j7IKaFksxqGhrH4c65olGM9i_eMhcQAiITYWl0IOC4hOC4suC5gOC4n-C5iOABAA!16s%2Fg%2F11f2t2yyrt?entry=ttu&g_ep=EgoyMDI1MDUwNy4wIKXMDSoASAFQAw%3D%3D",3,-1,,,oc_192,ci_192,option_192,review_192,krongone
At That Time Cafe & Bakery.,13.7868739,100.3199004,"https://www.google.com/maps/place/At+That+Time+Cafe+%26+Bakery./@13.7868739,100.3103732,16z/data=!4m10!1m2!2m1!1zQUlUIOC4hOC4suC5gOC4n-C5iA!3m6!1s0x30e29531b7e7915b:0x190440aa66d87d72!8m2!3d13.7868739!4d100.3199004!15sChNBSVQg4LiE4Liy4LmA4Lif4LmIWhUiE2FpdCDguITguLLguYDguJ_guYiSAQRjYWZlqgFbCgkvbS8wMm53amcQASoTIg_guITguLLguYDguJ_guYgoNTIeEAEiGr94hKY8R-j7IKaFksxqGhrH4c65olGM9i_eMhcQAiITYWl0IOC4hOC4suC5gOC4n-C5iOABAA!16s%2Fg%2F11g_qr14nm?entry=ttu&g_ep=EgoyMDI1MDUwNy4wIKXMDSoASAFQAw%3D%3D",4.5,-56,,,oc_193,ci_193,option_193,review_193,krongone
Atcafe RSU เมืองเอก,13.9762062,100.5968959,"https://www.google.com/maps/place/Atcafe+RSU+%E0%B9%80%E0%B8%A1%E0%B8%B7%E0%B8%AD%E0%B8%87%E0%B9%80%E0%B8%AD%E0%B8%81/@13.9762062,100.5873687,16z/data=!4m10!1m2!2m1!1zQUlUIOC4hOC4suC5gOC4n-C5iA!3m6!1s0x30e2810d0dff85fd:0x12cb9220f9ce956d!8m2!3d13.9762062!4d100.5968959!15sChNBSVQg4LiE4Liy4LmA4Lif4LmIWhUiE2FpdCDguITguLLguYDguJ_guYiSAQRjYWZlqgFbCgkvbS8wMm53amcQASoTIg_guITguLLguYDguJ_guYgoNTIeEAEiGr94hKY8R-j7IKaFksxqGhrH4c65olGM9i_eMhcQAiITYWl0IOC4hOC4suC5gOC4n-C5iOABAA!16s%2Fg%2F11fjxgd8xf?entry=ttu&g_ep=EgoyMDI1MDUwNy4wIKXMDSoASAFQAw%3D%3D",4.4,-119,฿100-200 ต่อคน,รายงานโดยผู้ใช้ 17 ราย,oc_194,ci_194,option_194,review_194,krongone
Happy Minimal Coffee หมู่บ้านคลองหลวงเมืองใหม่,14.0658433,100.6355327,"https://www.google.com/maps/place/Happy+Minimal+Coffee+%E0%B8%AB%E0%B8%A1%E0%B8%B9%E0%B9%88%E0%B8%9A%E0%B9%89%E0%B8%B2%E0%B8%99%E0%B8%84%E0%B8%A5%E0%B8%AD%E0%B8%87%E0%B8%AB%E0%B8%A5%E0%B8%A7%E0%B8%87%E0%B9%80%E0%B8%A1%E0%B8%B7%E0%B8%AD%E0%B8%87%E0%B9%83%E0%B8%AB%E0%B8%A1%E0%B9%88/@14.0666154,100.6235835,16z/data=!4m10!1m2!2m1!1z4LmB4Lih4LmH4LiE4LmC4LiE4LijIOC4quC4suC4guC4suC4hOC4peC4reC4h-C4q-C4peC4p-C4hyDguITguLLguYDguJ_guYg!3m6!1s0x311d81747456d7fd:0xff0bcbfe73384fd2!8m2!3d14.0658433!4d100.6355327!15sCkrguYHguKHguYfguITguYLguITguKMg4Liq4Liy4LiC4Liy4LiE4Lil4Lit4LiH4Lir4Lil4Lin4LiHIOC4hOC4suC5gOC4n-C5iCIDiAEBWk0iS-C5geC4oeC5h-C4hOC5guC4hOC4oyDguKrguLLguILguLIg4LiE4Lil4Lit4LiH4Lir4Lil4Lin4LiHIOC4hOC4suC5gOC4n-C5iJIBC2NvZmZlZV9zaG9wqgGkAQoNL2cvMTFiYzZyaHNqOQoKL20vMHZiM3FobBABKhMiD-C4hOC4suC5gOC4n-C5iCg1Mh8QASIbRrtKnXTWQh0EPSZbBRh6nbgCNPiD726B6EUSMk8QAiJL4LmB4Lih4LmH4LiE4LmC4LiE4LijIOC4quC4suC4guC4siDguITguKXguK3guIfguKvguKXguKfguIcg4LiE4Liy4LmA4Lif4LmI4AEA!16s%2Fg%2F11pxm8bc66?entry=ttu&g_ep=EgoyMDI1MDUwNy4wIKXMDSoASAFQAw%3D%3D",5,-1,,,oc_196,ci_196,option_196,review_196,krongone
Weasel Coffee คลองหลวง,14.066026,100.6567652,"https://www.google.com/maps/place/Weasel+Coffee+%E0%B8%84%E0%B8%A5%E0%B8%AD%E0%B8%87%E0%B8%AB%E0%B8%A5%E0%B8%A7%E0%B8%87/@14.066026,100.647238,16z/data=!4m10!1m2!2m1!1z4LmB4Lih4LmH4LiE4LmC4LiE4LijIOC4quC4suC4guC4suC4hOC4peC4reC4h-C4q-C4peC4p-C4hyDguITguLLguYDguJ_guYg!3m6!1s0x311d815aa9a1777d:0x97d03df9a125fb0c!8m2!3d14.066026!4d100.6567652!15sCkrguYHguKHguYfguITguYLguITguKMg4Liq4Liy4LiC4Liy4LiE4Lil4Lit4LiH4Lir4Lil4Lin4LiHIOC4hOC4suC5gOC4n-C5iCIDiAEBWk0iS-C5geC4oeC5h-C4hOC5guC4hOC4oyDguKrguLLguILguLIg4LiE4Lil4Lit4LiH4Lir4Lil4Lin4LiHIOC4hOC4suC5gOC4n-C5iJIBBGNhZmWqAaQBCg0vZy8xMWJjNnJoc2o5CgovbS8wdmIzcWhsEAEqEyIP4LiE4Liy4LmA4Lif4LmIKDUyHxABIhtGu0qddNZCHQQ9JlsFGHqduAI0-IPvboHoRRIyTxACIkvguYHguKHguYfguITguYLguITguKMg4Liq4Liy4LiC4LiyIOC4hOC4peC4reC4h-C4q-C4peC4p-C4hyDguITguLLguYDguJ_guYjgAQA!16s%2Fg%2F11rm_2t3kw?entry=ttu&g_ep=EgoyMDI1MDUwNy4wIKXMDSoASAFQAw%3D%3D",4.8,-140,฿1-100 ต่อคน,รายงานโดยผู้ใช้ 21 ราย,oc_197,ci_197,option_197,review_197,krongone
Café Amazon โบตานีคลองหลวง,14.0652566,100.6438459,"https://www.google.com/maps/place/Caf%C3%A9+Amazon+%E0%B9%82%E0%B8%9A%E0%B8%95%E0%B8%B2%E0%B8%99%E0%B8%B5%E0%B8%84%E0%B8%A5%E0%B8%AD%E0%B8%87%E0%B8%AB%E0%B8%A5%E0%B8%A7%E0%B8%87/@14.0652566,100.6343187,16z/data=!4m10!1m2!2m1!1z4LmB4Lih4LmH4LiE4LmC4LiE4LijIOC4quC4suC4guC4suC4hOC4peC4reC4h-C4q-C4peC4p-C4hyDguITguLLguYDguJ_guYg!3m6!1s0x311d8133f30bc13b:0xa86c4c30f29f292f!8m2!3d14.0652566!4d100.6438459!15sCkrguYHguKHguYfguITguYLguITguKMg4Liq4Liy4LiC4Liy4LiE4Lil4Lit4LiH4Lir4Lil4Lin4LiHIOC4hOC4suC5gOC4n-C5iCIDiAEBWk0iS-C5geC4oeC5h-C4hOC5guC4hOC4oyDguKrguLLguILguLIg4LiE4Lil4Lit4LiH4Lir4Lil4Lin4LiHIOC4hOC4suC5gOC4n-C5iJIBBGNhZmWqAaQBCg0vZy8xMWJjNnJoc2o5CgovbS8wdmIzcWhsEAEqEyIP4LiE4Liy4LmA4Lif4LmIKDUyHxABIhtGu0qddNZCHQQ9JlsFGHqduAI0-IPvboHoRRIyTxACIkvguYHguKHguYfguITguYLguITguKMg4Liq4Liy4LiC4LiyIOC4hOC4peC4reC4h-C4q-C4peC4p-C4hyDguITguLLguYDguJ_guYjgAQA!16s%2Fg%2F11ff1xd8xz?entry=ttu&g_ep=EgoyMDI1MDUwNy4wIKXMDSoASAFQAw%3D%3D",4,-33,,,oc_198,ci_198,option_198,review_198,krongone
ยำยำคาเฟ่ สาขา ม.กรุงเทพ,14.0421632,100.615271,"https://www.google.com/maps/place/%E0%B8%A2%E0%B8%B3%E0%B8%A2%E0%B8%B3%E0%B8%84%E0%B8%B2%E0%B9%80%E0%B8%9F%E0%B9%88+%E0%B8%AA%E0%B8%B2%E0%B8%82%E0%B8%B2+%E0%B8%A1.%E0%B8%81%E0%B8%A3%E0%B8%B8%E0%B8%87%E0%B9%80%E0%B8%97%E0%B8%9E/@14.040611,100.6144678,17z/data=!4m11!1m3!2m2!1z4Lih4Lir4Liy4Lin4Li04LiX4Lii4Liy4Lil4Lix4Lii4LiB4Lij4Li44LiH4LmA4LiX4LieIOC4hOC4suC5gOC4n-C5iA!6e5!3m6!1s0x30e281e8f81d1969:0xbdbb7513127ca422!8m2!3d14.0421632!4d100.615271!15sCkbguKHguKvguLLguKfguLTguJfguKLguLLguKXguLHguKLguIHguKPguLjguIfguYDguJfguJ4g4LiE4Liy4LmA4Lif4LmIWkkiR-C4oeC4q-C4suC4p-C4tOC4l-C4ouC4suC4peC4seC4oiDguIHguKPguLjguIfguYDguJfguJ4g4LiE4Liy4LmA4Lif4LmIkgEKcmVzdGF1cmFudKoBkAEKCS9tLzBiNzMxaBABKhMiD-C4hOC4suC5gOC4n-C5iCg1Mh8QASIbmBx6wDmAwOAny8BNlNoAPr_hCzI_UJXjuEHJMksQAiJH4Lih4Lir4Liy4Lin4Li04LiX4Lii4Liy4Lil4Lix4LiiIOC4geC4o-C4uOC4h-C5gOC4l-C4niDguITguLLguYDguJ_guYjgAQA!16s%2Fg%2F11n18qf0gh?entry=ttu&g_ep=EgoyMDI1MDUwNy4wIKXMDSoASAFQAw%3D%3D",4.9,-89,฿100-200 ต่อคน,รายงานโดยผู้ใช้ 42 ราย,oc_199,ci_199,option_199,review_199,krongone
สตาบัคส์ คอฟฟี่ สาขามหาวิทยาลัยกรุงเทพ,14.040509,100.6157514,"https://www.google.com/maps/place/%E0%B8%AA%E0%B8%95%E0%B8%B2%E0%B8%9A%E0%B8%B1%E0%B8%84%E0%B8%AA%E0%B9%8C+%E0%B8%84%E0%B8%AD%E0%B8%9F%E0%B8%9F%E0%B8%B5%E0%B9%88+%E0%B8%AA%E0%B8%B2%E0%B8%82%E0%B8%B2%E0%B8%A1%E0%B8%AB%E0%B8%B2%E0%B8%A7%E0%B8%B4%E0%B8%97%E0%B8%A2%E0%B8%B2%E0%B8%A5%E0%B8%B1%E0%B8%A2%E0%B8%81%E0%B8%A3%E0%B8%B8%E0%B8%87%E0%B9%80%E0%B8%97%E0%B8%9E/@14.040611,100.6144678,17z/data=!4m11!1m3!2m2!1z4Lih4Lir4Liy4Lin4Li04LiX4Lii4Liy4Lil4Lix4Lii4LiB4Lij4Li44LiH4LmA4LiX4LieIOC4hOC4suC5gOC4n-C5iA!6e5!3m6!1s0x30e281ce8c61b417:0xe1ed81e74e0eaf31!8m2!3d14.040509!4d100.6157514!15sCkbguKHguKvguLLguKfguLTguJfguKLguLLguKXguLHguKLguIHguKPguLjguIfguYDguJfguJ4g4LiE4Liy4LmA4Lif4LmIWkkiR-C4oeC4q-C4suC4p-C4tOC4l-C4ouC4suC4peC4seC4oiDguIHguKPguLjguIfguYDguJfguJ4g4LiE4Liy4LmA4Lif4LmIkgELY29mZmVlX3Nob3CqAZABCgkvbS8wYjczMWgQASoTIg_guITguLLguYDguJ_guYgoNTIfEAEiG5gcesA5gMDgJ8vATZTaAD6_4QsyP1CV47hByTJLEAIiR-C4oeC4q-C4suC4p-C4tOC4l-C4ouC4suC4peC4seC4oiDguIHguKPguLjguIfguYDguJfguJ4g4LiE4Liy4LmA4Lif4LmI4AEA!16s%2Fg%2F11h8ld8mlb?entry=ttu&g_ep=EgoyMDI1MDUwNy4wIKXMDSoASAFQAw%3D%3D",4.4,-62,,,oc_200,ci_200,option_200,review_200,krongone
COFFEE TEEN,14.0401516,100.6062575,"https://www.google.com/maps/place/COFFEE+TEEN/@14.040611,100.6144678,17z/data=!4m11!1m3!2m2!1z4Lih4Lir4Liy4Lin4Li04LiX4Lii4Liy4Lil4Lix4Lii4LiB4Lij4Li44LiH4LmA4LiX4LieIOC4hOC4suC5gOC4n-C5iA!6e5!3m6!1s0x30e2819e971a80f1:0x2a70ff2c09b03582!8m2!3d14.0401516!4d100.6062575!15sCkbguKHguKvguLLguKfguLTguJfguKLguLLguKXguLHguKLguIHguKPguLjguIfguYDguJfguJ4g4LiE4Liy4LmA4Lif4LmIWkkiR-C4oeC4q-C4suC4p-C4tOC4l-C4ouC4suC4peC4seC4oiDguIHguKPguLjguIfguYDguJfguJ4g4LiE4Liy4LmA4Lif4LmIkgELY29mZmVlX3Nob3CqAZABCgkvbS8wYjczMWgQASoTIg_guITguLLguYDguJ_guYgoNTIfEAEiG5gcesA5gMDgJ8vATZTaAD6_4QsyP1CV47hByTJLEAIiR-C4oeC4q-C4suC4p-C4tOC4l-C4ouC4suC4peC4seC4oiDguIHguKPguLjguIfguYDguJfguJ4g4LiE4Liy4LmA4Lif4LmI4AEA!16s%2Fg%2F11lqfmbrvp?entry=ttu&g_ep=EgoyMDI1MDUwNy4wIKXMDSoASAFQAw%3D%3D",4.8,-4,฿1-100 ต่อคน,รายงานโดยผู้ใช้ 3 ราย,oc_201,ci_201,option_201,review_201,krongone
ร้านมีความสุข สาขา ม.กรุงเทพ,14.040913,100.6140963,"https://www.google.com/maps/place/%E0%B8%A3%E0%B9%89%E0%B8%B2%E0%B8%99%E0%B8%A1%E0%B8%B5%E0%B8%84%E0%B8%A7%E0%B8%B2%E0%B8%A1%E0%B8%AA%E0%B8%B8%E0%B8%82+%E0%B8%AA%E0%B8%B2%E0%B8%82%E0%B8%B2+%E0%B8%A1.%E0%B8%81%E0%B8%A3%E0%B8%B8%E0%B8%87%E0%B9%80%E0%B8%97%E0%B8%9E/@14.040611,100.6144678,17z/data=!4m11!1m3!2m2!1z4Lih4Lir4Liy4Lin4Li04LiX4Lii4Liy4Lil4Lix4Lii4LiB4Lij4Li44LiH4LmA4LiX4LieIOC4hOC4suC5gOC4n-C5iA!6e5!3m6!1s0x311d7f41f49905e5:0x4ed5181dd38bc29e!8m2!3d14.040913!4d100.6140963!15sCkbguKHguKvguLLguKfguLTguJfguKLguLLguKXguLHguKLguIHguKPguLjguIfguYDguJfguJ4g4LiE4Liy4LmA4Lif4LmIWkkiR-C4oeC4q-C4suC4p-C4tOC4l-C4ouC4suC4peC4seC4oiDguIHguKPguLjguIfguYDguJfguJ4g4LiE4Liy4LmA4Lif4LmIkgELY29mZmVlX3Nob3CqAZABCgkvbS8wYjczMWgQASoTIg_guITguLLguYDguJ_guYgoNTIfEAEiG5gcesA5gMDgJ8vATZTaAD6_4QsyP1CV47hByTJLEAIiR-C4oeC4q-C4suC4p-C4tOC4l-C4ouC4suC4peC4seC4oiDguIHguKPguLjguIfguYDguJfguJ4g4LiE4Liy4LmA4Lif4LmI4AEA!16s%2Fg%2F11k4znqdpp?entry=ttu&g_ep=EgoyMDI1MDUwNy4wIKXMDSoASAFQAw%3D%3D",,,,,oc_202,ci_202,option_202,review_201,krongone
Highground Cannabis Cafe | รังสิต ม.กรุงเทพ | Weed Store,14.0306848,100.6154885,"https://www.google.com/maps/place/Highground+Cannabis+Cafe+%7C+%E0%B8%A3%E0%B8%B1%E0%B8%87%E0%B8%AA%E0%B8%B4%E0%B8%95+%E0%B8%A1.%E0%B8%81%E0%B8%A3%E0%B8%B8%E0%B8%87%E0%B9%80%E0%B8%97%E0%B8%9E+%7C+Weed+Store/@14.040611,100.6144678,17z/data=!4m11!1m3!2m2!1z4Lih4Lir4Liy4Lin4Li04LiX4Lii4Liy4Lil4Lix4Lii4LiB4Lij4Li44LiH4LmA4LiX4LieIOC4hOC4suC5gOC4n-C5iA!6e5!3m6!1s0x311d81ef6e697f15:0x4ee0219115c08faf!8m2!3d14.0306848!4d100.6154885!15sCkbguKHguKvguLLguKfguLTguJfguKLguLLguKXguLHguKLguIHguKPguLjguIfguYDguJfguJ4g4LiE4Liy4LmA4Lif4LmIWkkiR-C4oeC4q-C4suC4p-C4tOC4l-C4ouC4suC4peC4seC4oiDguIHguKPguLjguIfguYDguJfguJ4g4LiE4Liy4LmA4Lif4LmIkgEOY2FubmFiaXNfc3RvcmWqAZABCgkvbS8wYjczMWgQASoTIg_guITguLLguYDguJ_guYgoNTIfEAEiG5gcesA5gMDgJ8vATZTaAD6_4QsyP1CV47hByTJLEAIiR-C4oeC4q-C4suC4p-C4tOC4l-C4ouC4suC4peC4seC4oiDguIHguKPguLjguIfguYDguJfguJ4g4LiE4Liy4LmA4Lif4LmI4AEA!16s%2Fg%2F11s5nnjvrg?entry=ttu&g_ep=EgoyMDI1MDUwNy4wIKXMDSoASAFQAw%3D%3D",5,-416,,,oc_203,ci_203,option_203,review_203,krongone
LUCKYDAY COFFEE HUB,14.0412533,100.6159479,"https://www.google.com/maps/place/LUCKYDAY+COFFEE+HUB/@14.040611,100.6144678,17z/data=!4m11!1m3!2m2!1z4Lih4Lir4Liy4Lin4Li04LiX4Lii4Liy4Lil4Lix4Lii4LiB4Lij4Li44LiH4LmA4LiX4LieIOC4hOC4suC5gOC4n-C5iA!6e5!3m6!1s0x30e2810fc661caa7:0xc0b44fd56a1f6e5b!8m2!3d14.0412533!4d100.6159479!15sCkbguKHguKvguLLguKfguLTguJfguKLguLLguKXguLHguKLguIHguKPguLjguIfguYDguJfguJ4g4LiE4Liy4LmA4Lif4LmIWkkiR-C4oeC4q-C4suC4p-C4tOC4l-C4ouC4suC4peC4seC4oiDguIHguKPguLjguIfguYDguJfguJ4g4LiE4Liy4LmA4Lif4LmIkgELY29mZmVlX3Nob3CqAZABCgkvbS8wYjczMWgQASoTIg_guITguLLguYDguJ_guYgoNTIfEAEiG5gcesA5gMDgJ8vATZTaAD6_4QsyP1CV47hByTJLEAIiR-C4oeC4q-C4suC4p-C4tOC4l-C4ouC4suC4peC4seC4oiDguIHguKPguLjguIfguYDguJfguJ4g4LiE4Liy4LmA4Lif4LmI4AEA!16s%2Fg%2F11w37g0kwk?entry=ttu&g_ep=EgoyMDI1MDUwNy4wIKXMDSoASAFQAw%3D%3D",5,-4,฿1-100 ต่อคน,รายงานโดยผู้ใช้ 3 ราย,oc_204,ci_204,option_204,review_204,krongone
88 Coffee & Restaurant,14.03087,100.615387,"https://www.google.com/maps/place/88+Coffee+%26+Restaurant/@14.040611,100.6144678,17z/data=!4m11!1m3!2m2!1z4Lih4Lir4Liy4Lin4Li04LiX4Lii4Liy4Lil4Lix4Lii4LiB4Lij4Li44LiH4LmA4LiX4LieIOC4hOC4suC5gOC4n-C5iA!6e5!3m6!1s0x30e2810697c53c61:0xc7e03c34e5b435a5!8m2!3d14.03087!4d100.615387!15sCkbguKHguKvguLLguKfguLTguJfguKLguLLguKXguLHguKLguIHguKPguLjguIfguYDguJfguJ4g4LiE4Liy4LmA4Lif4LmIWkkiR-C4oeC4q-C4suC4p-C4tOC4l-C4ouC4suC4peC4seC4oiDguIHguKPguLjguIfguYDguJfguJ4g4LiE4Liy4LmA4Lif4LmIkgEEY2FmZaoBkAEKCS9tLzBiNzMxaBABKhMiD-C4hOC4suC5gOC4n-C5iCg1Mh8QASIbmBx6wDmAwOAny8BNlNoAPr_hCzI_UJXjuEHJMksQAiJH4Lih4Lir4Liy4Lin4Li04LiX4Lii4Liy4Lil4Lix4LiiIOC4geC4o-C4uOC4h-C5gOC4l-C4niDguITguLLguYDguJ_guYjgAQA!16s%2Fg%2F11g08vzl77?entry=ttu&g_ep=EgoyMDI1MDUwNy4wIKXMDSoASAFQAw%3D%3D",4.1,-35,฿1-100 ต่อคน,รายงานโดยผู้ใช้ 5 ราย,oc_205,ci_205,option_205,review_205,krongone
MIKKA COFFEE ROASTERS สาขา HEYDAY ม.กรุงเทพ,14.0407666,100.608027,"https://www.google.com/maps/place/MIKKA+COFFEE+ROASTERS+%E0%B8%AA%E0%B8%B2%E0%B8%82%E0%B8%B2+HEYDAY+%E0%B8%A1.%E0%B8%81%E0%B8%A3%E0%B8%B8%E0%B8%87%E0%B9%80%E0%B8%97%E0%B8%9E/@14.040611,100.6144678,17z/data=!4m11!1m3!2m2!1z4Lih4Lir4Liy4Lin4Li04LiX4Lii4Liy4Lil4Lix4Lii4LiB4Lij4Li44LiH4LmA4LiX4LieIOC4hOC4suC5gOC4n-C5iA!6e5!3m6!1s0x30e28100353a6d7d:0x2c62258afda8c250!8m2!3d14.0407666!4d100.608027!15sCkbguKHguKvguLLguKfguLTguJfguKLguLLguKXguLHguKLguIHguKPguLjguIfguYDguJfguJ4g4LiE4Liy4LmA4Lif4LmIWkkiR-C4oeC4q-C4suC4p-C4tOC4l-C4ouC4suC4peC4seC4oiDguIHguKPguLjguIfguYDguJfguJ4g4LiE4Liy4LmA4Lif4LmIkgELY29mZmVlX3Nob3CqAZABCgkvbS8wYjczMWgQASoTIg_guITguLLguYDguJ_guYgoNTIfEAEiG5gcesA5gMDgJ8vATZTaAD6_4QsyP1CV47hByTJLEAIiR-C4oeC4q-C4suC4p-C4tOC4l-C4ouC4suC4peC4seC4oiDguIHguKPguLjguIfguYDguJfguJ4g4LiE4Liy4LmA4Lif4LmI4AEA!16s%2Fg%2F11x12bh47x?entry=ttu&g_ep=EgoyMDI1MDUwNy4wIKXMDSoASAFQAw%3D%3D",5,-1,,,oc_206,ci_206,option_206,review_206,krongone
Café Marché,14.0376281,100.6151962,"https://www.google.com/maps/place/Caf%C3%A9+March%C3%A9/@14.040611,100.6144678,17z/data=!4m11!1m3!2m2!1z4Lih4Lir4Liy4Lin4Li04LiX4Lii4Liy4Lil4Lix4Lii4LiB4Lij4Li44LiH4LmA4LiX4LieIOC4hOC4suC5gOC4n-C5iA!6e5!3m6!1s0x30e2800256bbe68d:0x7d8dc89796f93442!8m2!3d14.0376281!4d100.6151962!15sCkbguKHguKvguLLguKfguLTguJfguKLguLLguKXguLHguKLguIHguKPguLjguIfguYDguJfguJ4g4LiE4Liy4LmA4Lif4LmIWkkiR-C4oeC4q-C4suC4p-C4tOC4l-C4ouC4suC4peC4seC4oiDguIHguKPguLjguIfguYDguJfguJ4g4LiE4Liy4LmA4Lif4LmIkgEEY2FmZaoBkAEKCS9tLzBiNzMxaBABKhMiD-C4hOC4suC5gOC4n-C5iCg1Mh8QASIbmBx6wDmAwOAny8BNlNoAPr_hCzI_UJXjuEHJMksQAiJH4Lih4Lir4Liy4Lin4Li04LiX4Lii4Liy4Lil4Lix4LiiIOC4geC4o-C4uOC4h-C5gOC4l-C4niDguITguLLguYDguJ_guYjgAQA!16s%2Fg%2F1hc2nmczl?entry=ttu&g_ep=EgoyMDI1MDUwNy4wIKXMDSoASAFQAw%3D%3D",4,-34,,,oc_207,ci_207,option_207,review_207,krongone
Mongni Cafe Bangkok University,14.0419682,100.6146818,"https://www.google.com/maps/place/Mongni+Cafe+Bangkok+University/@14.040611,100.6144678,17z/data=!4m11!1m3!2m2!1z4Lih4Lir4Liy4Lin4Li04LiX4Lii4Liy4Lil4Lix4Lii4LiB4Lij4Li44LiH4LmA4LiX4LieIOC4hOC4suC5gOC4n-C5iA!6e5!3m6!1s0x30e281218425fd33:0xb596680d757af8!8m2!3d14.0419682!4d100.6146818!15sCkbguKHguKvguLLguKfguLTguJfguKLguLLguKXguLHguKLguIHguKPguLjguIfguYDguJfguJ4g4LiE4Liy4LmA4Lif4LmIWkkiR-C4oeC4q-C4suC4p-C4tOC4l-C4ouC4suC4peC4seC4oiDguIHguKPguLjguIfguYDguJfguJ4g4LiE4Liy4LmA4Lif4LmIkgEQYnViYmxlX3RlYV9zdG9yZaoBkAEKCS9tLzBiNzMxaBABKhMiD-C4hOC4suC5gOC4n-C5iCg1Mh8QASIbmBx6wDmAwOAny8BNlNoAPr_hCzI_UJXjuEHJMksQAiJH4Lih4Lir4Liy4Lin4Li04LiX4Lii4Liy4Lil4Lix4LiiIOC4geC4o-C4uOC4h-C5gOC4l-C4niDguITguLLguYDguJ_guYjgAQA!16s%2Fg%2F11nclr_g8t?entry=ttu&g_ep=EgoyMDI1MDUwNy4wIKXMDSoASAFQAw%3D%3D",4,-10,,,oc_208,ci_208,option_208,review_208,krongone
กิมมี่ กิมมี่ คาเฟ่ แอนด์ แกลลอรี่,13.7189726,100.4550003,"https://www.google.com/maps/place/%E0%B8%81%E0%B8%B4%E0%B8%A1%E0%B8%A1%E0%B8%B5%E0%B9%88+%E0%B8%81%E0%B8%B4%E0%B8%A1%E0%B8%A1%E0%B8%B5%E0%B9%88+%E0%B8%84%E0%B8%B2%E0%B9%80%E0%B8%9F%E0%B9%88+%E0%B9%81%E0%B8%AD%E0%B8%99%E0%B8%94%E0%B9%8C+%E0%B9%81%E0%B8%81%E0%B8%A5%E0%B8%A5%E0%B8%AD%E0%B8%A3%E0%B8%B5%E0%B9%88/@13.7189726,100.4502367,17z/data=!4m11!1m3!2m2!1z4Lih4Lir4Liy4Lin4Li04LiX4Lii4Liy4Lil4Lix4Lii4LiB4Lij4Li44LiH4LmA4LiX4LieIOC4hOC4suC5gOC4n-C5iA!6e5!3m6!1s0x30e299d809ecccd1:0x1f216536d6fa55e6!8m2!3d13.7189726!4d100.4550003!15sCkbguKHguKvguLLguKfguLTguJfguKLguLLguKXguLHguKLguIHguKPguLjguIfguYDguJfguJ4g4LiE4Liy4LmA4Lif4LmIWkkiR-C4oeC4q-C4suC4p-C4tOC4l-C4ouC4suC4peC4seC4oiDguIHguKPguLjguIfguYDguJfguJ4g4LiE4Liy4LmA4Lif4LmIkgEKcmVzdGF1cmFudKoBkAEKCS9tLzBiNzMxaBABKhMiD-C4hOC4suC5gOC4n-C5iCg1Mh8QASIbmBx6wDmAwOAny8BNlNoAPr_hCzI_UJXjuEHJMksQAiJH4Lih4Lir4Liy4Lin4Li04LiX4Lii4Liy4Lil4Lix4LiiIOC4geC4o-C4uOC4h-C5gOC4l-C4niDguITguLLguYDguJ_guYjgAQA!16s%2Fg%2F11fnqvwmsy?entry=ttu&g_ep=EgoyMDI1MDUwNy4wIKXMDSoASAFQAw%3D%3D",4.6,-135,฿200-300 ต่อคน,รายงานโดยผู้ใช้ 34 ราย,oc_209,ci_209,option_209,review_209,krongone
วัวล้วนๆไม่มีควายผสม สาขา ม.กรุงเทพ รังสิตภิรมภ์,14.0409227,100.6144673,"https://www.google.com/maps/place/%E0%B8%A7%E0%B8%B1%E0%B8%A7%E0%B8%A5%E0%B9%89%E0%B8%A7%E0%B8%99%E0%B9%86%E0%B9%84%E0%B8%A1%E0%B9%88%E0%B8%A1%E0%B8%B5%E0%B8%84%E0%B8%A7%E0%B8%B2%E0%B8%A2%E0%B8%9C%E0%B8%AA%E0%B8%A1+%E0%B8%AA%E0%B8%B2%E0%B8%82%E0%B8%B2+%E0%B8%A1.%E0%B8%81%E0%B8%A3%E0%B8%B8%E0%B8%87%E0%B9%80%E0%B8%97%E0%B8%9E+%E0%B8%A3%E0%B8%B1%E0%B8%87%E0%B8%AA%E0%B8%B4%E0%B8%95%E0%B8%A0%E0%B8%B4%E0%B8%A3%E0%B8%A1%E0%B8%A0%E0%B9%8C/@14.0409227,100.6097037,17z/data=!4m11!1m3!2m2!1z4Lih4Lir4Liy4Lin4Li04LiX4Lii4Liy4Lil4Lix4Lii4LiB4Lij4Li44LiH4LmA4LiX4LieIOC4hOC4suC5gOC4n-C5iA!6e5!3m6!1s0x30e280035bb89a15:0xfd85ccda5742dfed!8m2!3d14.0409227!4d100.6144673!15sCkbguKHguKvguLLguKfguLTguJfguKLguLLguKXguLHguKLguIHguKPguLjguIfguYDguJfguJ4g4LiE4Liy4LmA4Lif4LmIWkkiR-C4oeC4q-C4suC4p-C4tOC4l-C4ouC4suC4peC4seC4oiDguIHguKPguLjguIfguYDguJfguJ4g4LiE4Liy4LmA4Lif4LmIkgEEY2FmZaoBkAEKCS9tLzBiNzMxaBABKhMiD-C4hOC4suC5gOC4n-C5iCg1Mh8QASIbmBx6wDmAwOAny8BNlNoAPr_hCzI_UJXjuEHJMksQAiJH4Lih4Lir4Liy4Lin4Li04LiX4Lii4Liy4Lil4Lix4LiiIOC4geC4o-C4uOC4h-C5gOC4l-C4niDguITguLLguYDguJ_guYjgAQA!16s%2Fg%2F11fyzfqcxq?entry=ttu&g_ep=EgoyMDI1MDUwNy4wIKXMDSoASAFQAw%3D%3D",3.7,-6,,,oc_210,ci_210,option_210,review_210,krongone
คาเฟ่อเมซอนสาขาคอนโด,14.0391228,100.6168601,"https://www.google.com/maps/place/%E0%B8%84%E0%B8%B2%E0%B9%80%E0%B8%9F%E0%B9%88%E0%B8%AD%E0%B9%80%E0%B8%A1%E0%B8%8B%E0%B8%AD%E0%B8%99%E0%B8%AA%E0%B8%B2%E0%B8%82%E0%B8%B2%E0%B8%84%E0%B8%AD%E0%B8%99%E0%B9%82%E0%B8%94/@14.0391228,100.6120965,17z/data=!4m11!1m3!2m2!1z4Lih4Lir4Liy4Lin4Li04LiX4Lii4Liy4Lil4Lix4Lii4LiB4Lij4Li44LiH4LmA4LiX4LieIOC4hOC4suC5gOC4n-C5iA!6e5!3m6!1s0x30e28192bbe8b137:0xdedcd5a76707b237!8m2!3d14.0391228!4d100.6168601!15sCkbguKHguKvguLLguKfguLTguJfguKLguLLguKXguLHguKLguIHguKPguLjguIfguYDguJfguJ4g4LiE4Liy4LmA4Lif4LmIWkkiR-C4oeC4q-C4suC4p-C4tOC4l-C4ouC4suC4peC4seC4oiDguIHguKPguLjguIfguYDguJfguJ4g4LiE4Liy4LmA4Lif4LmIkgEEY2FmZaoBkAEKCS9tLzBiNzMxaBABKhMiD-C4hOC4suC5gOC4n-C5iCg1Mh8QASIbmBx6wDmAwOAny8BNlNoAPr_hCzI_UJXjuEHJMksQAiJH4Lih4Lir4Liy4Lin4Li04LiX4Lii4Liy4Lil4Lix4LiiIOC4geC4o-C4uOC4h-C5gOC4l-C4niDguITguLLguYDguJ_guYjgAQA!16s%2Fg%2F11l8p_24x9?entry=ttu&g_ep=EgoyMDI1MDUwNy4wIKXMDSoASAFQAw%3D%3D",4.6,-5,,,oc_211,ci_211,option_211,review_211,krongone
ChaTraMue - Bangkok University,14.040337,100.6154488,"https://www.google.com/maps/place/ChaTraMue+-+Bangkok+University/@14.040337,100.6106852,17z/data=!4m11!1m3!2m2!1z4Lih4Lir4Liy4Lin4Li04LiX4Lii4Liy4Lil4Lix4Lii4LiB4Lij4Li44LiH4LmA4LiX4LieIOC4hOC4suC5gOC4n-C5iA!6e5!3m6!1s0x30e281002a558e29:0xcae7c98d11bff623!8m2!3d14.040337!4d100.6154488!15sCkbguKHguKvguLLguKfguLTguJfguKLguLLguKXguLHguKLguIHguKPguLjguIfguYDguJfguJ4g4LiE4Liy4LmA4Lif4LmIWkkiR-C4oeC4q-C4suC4p-C4tOC4l-C4ouC4suC4peC4seC4oiDguIHguKPguLjguIfguYDguJfguJ4g4LiE4Liy4LmA4Lif4LmIkgELY29mZmVlX3Nob3CqAZABCgkvbS8wYjczMWgQASoTIg_guITguLLguYDguJ_guYgoNTIfEAEiG5gcesA5gMDgJ8vATZTaAD6_4QsyP1CV47hByTJLEAIiR-C4oeC4q-C4suC4p-C4tOC4l-C4ouC4suC4peC4seC4oiDguIHguKPguLjguIfguYDguJfguJ4g4LiE4Liy4LmA4Lif4LmI4AEA!16s%2Fg%2F11lv8yl11h?entry=ttu&g_ep=EgoyMDI1MDUwNy4wIKXMDSoASAFQAw%3D%3D",,,,,oc_212,ci_212,option_212,review_211,krongone
กูโรตีชาชัก ม.กรุงเทพ,14.0421185,100.6150331,"https://www.google.com/maps/place/%E0%B8%81%E0%B8%B9%E0%B9%82%E0%B8%A3%E0%B8%95%E0%B8%B5%E0%B8%8A%E0%B8%B2%E0%B8%8A%E0%B8%B1%E0%B8%81+%E0%B8%A1.%E0%B8%81%E0%B8%A3%E0%B8%B8%E0%B8%87%E0%B9%80%E0%B8%97%E0%B8%9E/@14.040337,100.6106852,17z/data=!4m11!1m3!2m2!1z4Lih4Lir4Liy4Lin4Li04LiX4Lii4Liy4Lil4Lix4Lii4LiB4Lij4Li44LiH4LmA4LiX4LieIOC4hOC4suC5gOC4n-C5iA!6e5!3m6!1s0x30e281c1462bedf5:0x41e749d306550bf9!8m2!3d14.0421185!4d100.6150331!15sCkbguKHguKvguLLguKfguLTguJfguKLguLLguKXguLHguKLguIHguKPguLjguIfguYDguJfguJ4g4LiE4Liy4LmA4Lif4LmIWkkiR-C4oeC4q-C4suC4p-C4tOC4l-C4ouC4suC4peC4seC4oiDguIHguKPguLjguIfguYDguJfguJ4g4LiE4Liy4LmA4Lif4LmIkgEKcmVzdGF1cmFudKoBkAEKCS9tLzBiNzMxaBABKhMiD-C4hOC4suC5gOC4n-C5iCg1Mh8QASIbmBx6wDmAwOAny8BNlNoAPr_hCzI_UJXjuEHJMksQAiJH4Lih4Lir4Liy4Lin4Li04LiX4Lii4Liy4Lil4Lix4LiiIOC4geC4o-C4uOC4h-C5gOC4l-C4niDguITguLLguYDguJ_guYjgAQA!16s%2Fg%2F11nxg6gvp0?entry=ttu&g_ep=EgoyMDI1MDUwNy4wIKXMDSoASAFQAw%3D%3D",3.6,-9,฿100-200 ต่อคน,รายงานโดยผู้ใช้ 6 ราย,oc_213,ci_213,option_213,review_213,krongone
Owl cha รังสิตภิรมย์ ม.กรุงเทพ,14.040963,100.6121238,"https://www.google.com/maps/place/Owl+cha+%E0%B8%A3%E0%B8%B1%E0%B8%87%E0%B8%AA%E0%B8%B4%E0%B8%95%E0%B8%A0%E0%B8%B4%E0%B8%A3%E0%B8%A1%E0%B8%A2%E0%B9%8C+%E0%B8%A1.%E0%B8%81%E0%B8%A3%E0%B8%B8%E0%B8%87%E0%B9%80%E0%B8%97%E0%B8%9E/@14.040337,100.6106852,17z/data=!4m11!1m3!2m2!1z4Lih4Lir4Liy4Lin4Li04LiX4Lii4Liy4Lil4Lix4Lii4LiB4Lij4Li44LiH4LmA4LiX4LieIOC4hOC4suC5gOC4n-C5iA!6e5!3m6!1s0x30e281003946e147:0x87370870c17d65b4!8m2!3d14.040963!4d100.6121238!15sCkbguKHguKvguLLguKfguLTguJfguKLguLLguKXguLHguKLguIHguKPguLjguIfguYDguJfguJ4g4LiE4Liy4LmA4Lif4LmIWkkiR-C4oeC4q-C4suC4p-C4tOC4l-C4ouC4suC4peC4seC4oiDguIHguKPguLjguIfguYDguJfguJ4g4LiE4Liy4LmA4Lif4LmIkgELY29mZmVlX3Nob3CqAZABCgkvbS8wYjczMWgQASoTIg_guITguLLguYDguJ_guYgoNTIfEAEiG5gcesA5gMDgJ8vATZTaAD6_4QsyP1CV47hByTJLEAIiR-C4oeC4q-C4suC4p-C4tOC4l-C4ouC4suC4peC4seC4oiDguIHguKPguLjguIfguYDguJfguJ4g4LiE4Liy4LmA4Lif4LmI4AEA!16s%2Fg%2F11yb7h_spt?entry=ttu&g_ep=EgoyMDI1MDUwNy4wIKXMDSoASAFQAw%3D%3D",,,,,oc_214,ci_214,option_214,review_213,krongone
Bu Restaurant,14.0390745,100.6137778,"https://www.google.com/maps/place/Bu+Restaurant/@14.040337,100.6106852,17z/data=!4m11!1m3!2m2!1z4Lih4Lir4Liy4Lin4Li04LiX4Lii4Liy4Lil4Lix4Lii4LiB4Lij4Li44LiH4LmA4LiX4LieIOC4hOC4suC5gOC4n-C5iA!6e5!3m6!1s0x30e2801b59a39f67:0x6122e2c7009a2bf5!8m2!3d14.0390745!4d100.6137778!15sCkbguKHguKvguLLguKfguLTguJfguKLguLLguKXguLHguKLguIHguKPguLjguIfguYDguJfguJ4g4LiE4Liy4LmA4Lif4LmIWkkiR-C4oeC4q-C4suC4p-C4tOC4l-C4ouC4suC4peC4seC4oiDguIHguKPguLjguIfguYDguJfguJ4g4LiE4Liy4LmA4Lif4LmIkgEKcmVzdGF1cmFudKoBkAEKCS9tLzBiNzMxaBABKhMiD-C4hOC4suC5gOC4n-C5iCg1Mh8QASIbmBx6wDmAwOAny8BNlNoAPr_hCzI_UJXjuEHJMksQAiJH4Lih4Lir4Liy4Lin4Li04LiX4Lii4Liy4Lil4Lix4LiiIOC4geC4o-C4uOC4h-C5gOC4l-C4niDguITguLLguYDguJ_guYjgAQA!16s%2Fg%2F11cmcsqdbz?entry=ttu&g_ep=EgoyMDI1MDUwNy4wIKXMDSoASAFQAw%3D%3D",4.5,-11,,,oc_215,ci_215,option_215,review_215,krongone
HIPSTER STEAK สาขา ม.กรุงเทพ,14.0409482,100.613601,"https://www.google.com/maps/place/HIPSTER+STEAK+%E0%B8%AA%E0%B8%B2%E0%B8%82%E0%B8%B2+%E0%B8%A1.%E0%B8%81%E0%B8%A3%E0%B8%B8%E0%B8%87%E0%B9%80%E0%B8%97%E0%B8%9E/@14.040337,100.6106852,17z/data=!4m11!1m3!2m2!1z4Lih4Lir4Liy4Lin4Li04LiX4Lii4Liy4Lil4Lix4Lii4LiB4Lij4Li44LiH4LmA4LiX4LieIOC4hOC4suC5gOC4n-C5iA!6e5!3m6!1s0x30e2818be9e0e6e7:0xf7f3b4009f3e9a9e!8m2!3d14.0409482!4d100.613601!15sCkbguKHguKvguLLguKfguLTguJfguKLguLLguKXguLHguKLguIHguKPguLjguIfguYDguJfguJ4g4LiE4Liy4LmA4Lif4LmIWkkiR-C4oeC4q-C4suC4p-C4tOC4l-C4ouC4suC4peC4seC4oiDguIHguKPguLjguIfguYDguJfguJ4g4LiE4Liy4LmA4Lif4LmIkgEKcmVzdGF1cmFudKoBkAEKCS9tLzBiNzMxaBABKhMiD-C4hOC4suC5gOC4n-C5iCg1Mh8QASIbmBx6wDmAwOAny8BNlNoAPr_hCzI_UJXjuEHJMksQAiJH4Lih4Lir4Liy4Lin4Li04LiX4Lii4Liy4Lil4Lix4LiiIOC4geC4o-C4uOC4h-C5gOC4l-C4niDguITguLLguYDguJ_guYjgAQA!16s%2Fg%2F11v62dl65v?entry=ttu&g_ep=EgoyMDI1MDUwNy4wIKXMDSoASAFQAw%3D%3D",4.3,-4,,,oc_216,ci_216,option_216,review_216,krongone
Here Street Coffee Cart,14.0409864,100.6150466,"https://www.google.com/maps/place/Here+Street+Coffee+Cart/@14.040337,100.6106852,17z/data=!4m11!1m3!2m2!1z4Lih4Lir4Liy4Lin4Li04LiX4Lii4Liy4Lil4Lix4Lii4LiB4Lij4Li44LiH4LmA4LiX4LieIOC4hOC4suC5gOC4n-C5iA!6e5!3m6!1s0x30e281db10218f63:0x21f94b316d8deebf!8m2!3d14.0409864!4d100.6150466!15sCkbguKHguKvguLLguKfguLTguJfguKLguLLguKXguLHguKLguIHguKPguLjguIfguYDguJfguJ4g4LiE4Liy4LmA4Lif4LmIWkkiR-C4oeC4q-C4suC4p-C4tOC4l-C4ouC4suC4peC4seC4oiDguIHguKPguLjguIfguYDguJfguJ4g4LiE4Liy4LmA4Lif4LmIkgELY29mZmVlX3Nob3CqAZABCgkvbS8wYjczMWgQASoTIg_guITguLLguYDguJ_guYgoNTIfEAEiG5gcesA5gMDgJ8vATZTaAD6_4QsyP1CV47hByTJLEAIiR-C4oeC4q-C4suC4p-C4tOC4l-C4ouC4suC4peC4seC4oiDguIHguKPguLjguIfguYDguJfguJ4g4LiE4Liy4LmA4Lif4LmI4AEA!16s%2Fg%2F11kj1v9__5?entry=ttu&g_ep=EgoyMDI1MDUwNy4wIKXMDSoASAFQAw%3D%3D",5,-16,,,oc_217,ci_217,option_217,review_217,krongone
MOM KITCHEN ม.กรุงเทพ รังสิต,14.0409487,100.614492,"https://www.google.com/maps/place/MOM+KITCHEN+%E0%B8%A1.%E0%B8%81%E0%B8%A3%E0%B8%B8%E0%B8%87%E0%B9%80%E0%B8%97%E0%B8%9E+%E0%B8%A3%E0%B8%B1%E0%B8%87%E0%B8%AA%E0%B8%B4%E0%B8%95/@14.040337,100.6106852,17z/data=!4m11!1m3!2m2!1z4Lih4Lir4Liy4Lin4Li04LiX4Lii4Liy4Lil4Lix4Lii4LiB4Lij4Li44LiH4LmA4LiX4LieIOC4hOC4suC5gOC4n-C5iA!6e5!3m6!1s0x311d7fa4dab4de57:0x658abc8725217568!8m2!3d14.0409487!4d100.614492!15sCkbguKHguKvguLLguKfguLTguJfguKLguLLguKXguLHguKLguIHguKPguLjguIfguYDguJfguJ4g4LiE4Liy4LmA4Lif4LmIWkkiR-C4oeC4q-C4suC4p-C4tOC4l-C4ouC4suC4peC4seC4oiDguIHguKPguLjguIfguYDguJfguJ4g4LiE4Liy4LmA4Lif4LmIkgEKcmVzdGF1cmFudKoBkAEKCS9tLzBiNzMxaBABKhMiD-C4hOC4suC5gOC4n-C5iCg1Mh8QASIbmBx6wDmAwOAny8BNlNoAPr_hCzI_UJXjuEHJMksQAiJH4Lih4Lir4Liy4Lin4Li04LiX4Lii4Liy4Lil4Lix4LiiIOC4geC4o-C4uOC4h-C5gOC4l-C4niDguITguLLguYDguJ_guYjgAQA!16s%2Fg%2F11l5cg6h86?entry=ttu&g_ep=EgoyMDI1MDUwNy4wIKXMDSoASAFQAw%3D%3D",3.5,-25,฿100-200 ต่อคน,รายงานโดยผู้ใช้ 13 ราย,oc_218,ci_218,option_218,review_218,krongone
C U TeeDerm Cafe,14.044923,100.6146383,"https://www.google.com/maps/place/C+U+TeeDerm+Cafe/@14.040337,100.6106852,17z/data=!4m11!1m3!2m2!1z4Lih4Lir4Liy4Lin4Li04LiX4Lii4Liy4Lil4Lix4Lii4LiB4Lij4Li44LiH4LmA4LiX4LieIOC4hOC4suC5gOC4n-C5iA!6e5!3m6!1s0x30e28003f11a2613:0xc88827ce56b0d746!8m2!3d14.044923!4d100.6146383!15sCkbguKHguKvguLLguKfguLTguJfguKLguLLguKXguLHguKLguIHguKPguLjguIfguYDguJfguJ4g4LiE4Liy4LmA4Lif4LmIWkkiR-C4oeC4q-C4suC4p-C4tOC4l-C4ouC4suC4peC4seC4oiDguIHguKPguLjguIfguYDguJfguJ4g4LiE4Liy4LmA4Lif4LmIkgELY29mZmVlX3Nob3CqAZABCgkvbS8wYjczMWgQASoTIg_guITguLLguYDguJ_guYgoNTIfEAEiG5gcesA5gMDgJ8vATZTaAD6_4QsyP1CV47hByTJLEAIiR-C4oeC4q-C4suC4p-C4tOC4l-C4ouC4suC4peC4seC4oiDguIHguKPguLjguIfguYDguJfguJ4g4LiE4Liy4LmA4Lif4LmI4AEA!16s%2Fg%2F1pp2vj87b?entry=ttu&g_ep=EgoyMDI1MDUwNy4wIKXMDSoASAFQAw%3D%3D",4.1,-10,,,oc_219,ci_219,option_219,review_219,krongone
มหาวิทยาลัยกรุงเทพ รังสิต Tourism Tower อาคาร A5,14.0390188,100.612933,"https://www.google.com/maps/place/%E0%B8%A1%E0%B8%AB%E0%B8%B2%E0%B8%A7%E0%B8%B4%E0%B8%97%E0%B8%A2%E0%B8%B2%E0%B8%A5%E0%B8%B1%E0%B8%A2%E0%B8%81%E0%B8%A3%E0%B8%B8%E0%B8%87%E0%B9%80%E0%B8%97%E0%B8%9E+%E0%B8%A3%E0%B8%B1%E0%B8%87%E0%B8%AA%E0%B8%B4%E0%B8%95+Tourism+Tower+%E0%B8%AD%E0%B8%B2%E0%B8%84%E0%B8%B2%E0%B8%A3+A5/@14.040337,100.6106852,17z/data=!4m11!1m3!2m2!1z4Lih4Lir4Liy4Lin4Li04LiX4Lii4Liy4Lil4Lix4Lii4LiB4Lij4Li44LiH4LmA4LiX4LieIOC4hOC4suC5gOC4n-C5iA!6e5!3m6!1s0x30e28164fa21fc03:0xb55db0d936d96ddd!8m2!3d14.0390188!4d100.612933!15sCkbguKHguKvguLLguKfguLTguJfguKLguLLguKXguLHguKLguIHguKPguLjguIfguYDguJfguJ4g4LiE4Liy4LmA4Lif4LmIWkkiR-C4oeC4q-C4suC4p-C4tOC4l-C4ouC4suC4peC4seC4oiDguIHguKPguLjguIfguYDguJfguJ4g4LiE4Liy4LmA4Lif4LmIkgEVdW5pdmVyc2l0eV9kZXBhcnRtZW50mgEkQ2hkRFNVaE5NRzluUzBWSlEwRm5UVU5STlV4eE1sOVJSUkFCqgGQAQoJL20vMGI3MzFoEAEqEyIP4LiE4Liy4LmA4Lif4LmIKDUyHxABIhuYHHrAOYDA4CfLwE2U2gA-v-ELMj9QleO4QckySxACIkfguKHguKvguLLguKfguLTguJfguKLguLLguKXguLHguKIg4LiB4Lij4Li44LiH4LmA4LiX4LieIOC4hOC4suC5gOC4n-C5iOABAPoBBAgeEA4!16s%2Fg%2F11fdlnpddw?entry=ttu&g_ep=EgoyMDI1MDUwNy4wIKXMDSoASAFQAw%3D%3D",4.8,-16,,,oc_220,ci_220,option_220,review_220,krongone
Café Amazon,14.0434072,100.6144393,"https://www.google.com/maps/place/Caf%C3%A9+Amazon/@14.040337,100.6106852,17z/data=!4m11!1m3!2m2!1z4Lih4Lir4Liy4Lin4Li04LiX4Lii4Liy4Lil4Lix4Lii4LiB4Lij4Li44LiH4LmA4LiX4LieIOC4hOC4suC5gOC4n-C5iA!6e5!3m6!1s0x30e281d47f8a2c75:0xc8e656c5ddf670cf!8m2!3d14.0434072!4d100.6144393!15sCkbguKHguKvguLLguKfguLTguJfguKLguLLguKXguLHguKLguIHguKPguLjguIfguYDguJfguJ4g4LiE4Liy4LmA4Lif4LmIWkkiR-C4oeC4q-C4suC4p-C4tOC4l-C4ouC4suC4peC4seC4oiDguIHguKPguLjguIfguYDguJfguJ4g4LiE4Liy4LmA4Lif4LmIkgEEY2FmZaoBkAEKCS9tLzBiNzMxaBABKhMiD-C4hOC4suC5gOC4n-C5iCg1Mh8QASIbmBx6wDmAwOAny8BNlNoAPr_hCzI_UJXjuEHJMksQAiJH4Lih4Lir4Liy4Lin4Li04LiX4Lii4Liy4Lil4Lix4LiiIOC4geC4o-C4uOC4h-C5gOC4l-C4niDguITguLLguYDguJ_guYjgAQA!16s%2Fg%2F11qrkwcxp9?entry=ttu&g_ep=EgoyMDI1MDUwNy4wIKXMDSoASAFQAw%3D%3D",3.9,-37,฿1-100 ต่อคน,รายงานโดยผู้ใช้ 18 ราย,oc_221,ci_221,option_221,review_221,krongone
ตำปากเปิด ม.กรุงเทพรังสิต,14.0411637,100.6115641,"https://www.google.com/maps/place/%E0%B8%95%E0%B8%B3%E0%B8%9B%E0%B8%B2%E0%B8%81%E0%B9%80%E0%B8%9B%E0%B8%B4%E0%B8%94+%E0%B8%A1.%E0%B8%81%E0%B8%A3%E0%B8%B8%E0%B8%87%E0%B9%80%E0%B8%97%E0%B8%9E%E0%B8%A3%E0%B8%B1%E0%B8%87%E0%B8%AA%E0%B8%B4%E0%B8%95/@14.040337,100.6106852,17z/data=!4m11!1m3!2m2!1z4Lih4Lir4Liy4Lin4Li04LiX4Lii4Liy4Lil4Lix4Lii4LiB4Lij4Li44LiH4LmA4LiX4LieIOC4hOC4suC5gOC4n-C5iA!6e5!3m6!1s0x30e281b75b0bc44b:0x56bbdcb643a4ba6d!8m2!3d14.0411637!4d100.6115641!15sCkbguKHguKvguLLguKfguLTguJfguKLguLLguKXguLHguKLguIHguKPguLjguIfguYDguJfguJ4g4LiE4Liy4LmA4Lif4LmIWkkiR-C4oeC4q-C4suC4p-C4tOC4l-C4ouC4suC4peC4seC4oiDguIHguKPguLjguIfguYDguJfguJ4g4LiE4Liy4LmA4Lif4LmIkgEKcmVzdGF1cmFudKoBkAEKCS9tLzBiNzMxaBABKhMiD-C4hOC4suC5gOC4n-C5iCg1Mh8QASIbmBx6wDmAwOAny8BNlNoAPr_hCzI_UJXjuEHJMksQAiJH4Lih4Lir4Liy4Lin4Li04LiX4Lii4Liy4Lil4Lix4LiiIOC4geC4o-C4uOC4h-C5gOC4l-C4niDguITguLLguYDguJ_guYjgAQA!16s%2Fg%2F11j7g01h0m?entry=ttu&g_ep=EgoyMDI1MDUwNy4wIKXMDSoASAFQAw%3D%3D",4.4,-7,,,oc_222,ci_222,option_222,review_222,krongone
Jarome' - จาโรเม่,14.0400767,100.6119928,"https://www.google.com/maps/place/Jarome'+-+%E0%B8%88%E0%B8%B2%E0%B9%82%E0%B8%A3%E0%B9%80%E0%B8%A1%E0%B9%88/@14.0409063,100.6086815,17z/data=!4m11!1m3!2m2!1z4Lih4Lir4Liy4Lin4Li04LiX4Lii4Liy4Lil4Lix4Lii4LiB4Lij4Li44LiH4LmA4LiX4LieIOC4hOC4suC5gOC4n-C5iA!6e5!3m6!1s0x30e2801b32b52d1f:0x49c0697c466ed0a2!8m2!3d14.0400767!4d100.6119928!15sCkbguKHguKvguLLguKfguLTguJfguKLguLLguKXguLHguKLguIHguKPguLjguIfguYDguJfguJ4g4LiE4Liy4LmA4Lif4LmIWkkiR-C4oeC4q-C4suC4p-C4tOC4l-C4ouC4suC4peC4seC4oiDguIHguKPguLjguIfguYDguJfguJ4g4LiE4Liy4LmA4Lif4LmIkgELY29mZmVlX3Nob3CqAZABCgkvbS8wYjczMWgQASoTIg_guITguLLguYDguJ_guYgoNTIfEAEiG5gcesA5gMDgJ8vATZTaAD6_4QsyP1CV47hByTJLEAIiR-C4oeC4q-C4suC4p-C4tOC4l-C4ouC4suC4peC4seC4oiDguIHguKPguLjguIfguYDguJfguJ4g4LiE4Liy4LmA4Lif4LmI4AEA!16s%2Fg%2F11c56104k4?entry=ttu&g_ep=EgoyMDI1MDUwNy4wIKXMDSoASAFQAw%3D%3D",4.8,-8,,,oc_223,ci_223,option_223,review_223,krongone
สุกี้ตี๋น้อย Mingle Mall รังสิต,14.0420979,100.6155013,"https://www.google.com/maps/place/%E0%B8%AA%E0%B8%B8%E0%B8%81%E0%B8%B5%E0%B9%89%E0%B8%95%E0%B8%B5%E0%B9%8B%E0%B8%99%E0%B9%89%E0%B8%AD%E0%B8%A2+Mingle+Mall+%E0%B8%A3%E0%B8%B1%E0%B8%87%E0%B8%AA%E0%B8%B4%E0%B8%95/@14.0409063,100.6086815,17z/data=!4m11!1m3!2m2!1z4Lih4Lir4Liy4Lin4Li04LiX4Lii4Liy4Lil4Lix4Lii4LiB4Lij4Li44LiH4LmA4LiX4LieIOC4hOC4suC5gOC4n-C5iA!6e5!3m6!1s0x30e2813ee7a953fb:0xd0b3fb5dadfd68f4!8m2!3d14.0420979!4d100.6155013!15sCkbguKHguKvguLLguKfguLTguJfguKLguLLguKXguLHguKLguIHguKPguLjguIfguYDguJfguJ4g4LiE4Liy4LmA4Lif4LmIWkkiR-C4oeC4q-C4suC4p-C4tOC4l-C4ouC4suC4peC4seC4oiDguIHguKPguLjguIfguYDguJfguJ4g4LiE4Liy4LmA4Lif4LmIkgERYnVmZmV0X3Jlc3RhdXJhbnSqAZABCgkvbS8wYjczMWgQASoTIg_guITguLLguYDguJ_guYgoNTIfEAEiG5gcesA5gMDgJ8vATZTaAD6_4QsyP1CV47hByTJLEAIiR-C4oeC4q-C4suC4p-C4tOC4l-C4ouC4suC4peC4seC4oiDguIHguKPguLjguIfguYDguJfguJ4g4LiE4Liy4LmA4Lif4LmI4AEA!16s%2Fg%2F11ppcztfsd?entry=ttu&g_ep=EgoyMDI1MDUwNy4wIKXMDSoASAFQAw%3D%3D",4.7,"-2,262",฿200-300 ต่อคน,รายงานโดยผู้ใช้ 593 ราย,oc_224,ci_224,option_224,review_224,krongone
ราชาลิง by Ho-Mu at ม.กรุงเทพ,14.0410314,100.6084125,"https://www.google.com/maps/place/%E0%B8%A3%E0%B8%B2%E0%B8%8A%E0%B8%B2%E0%B8%A5%E0%B8%B4%E0%B8%87+by+Ho-Mu+at+%E0%B8%A1.%E0%B8%81%E0%B8%A3%E0%B8%B8%E0%B8%87%E0%B9%80%E0%B8%97%E0%B8%9E/@14.0409063,100.6086815,17z/data=!4m11!1m3!2m2!1z4Lih4Lir4Liy4Lin4Li04LiX4Lii4Liy4Lil4Lix4Lii4LiB4Lij4Li44LiH4LmA4LiX4LieIOC4hOC4suC5gOC4n-C5iA!6e5!3m6!1s0x30e281ef1da7c4e7:0x59743e30292e3158!8m2!3d14.0410314!4d100.6084125!15sCkbguKHguKvguLLguKfguLTguJfguKLguLLguKXguLHguKLguIHguKPguLjguIfguYDguJfguJ4g4LiE4Liy4LmA4Lif4LmIWkkiR-C4oeC4q-C4suC4p-C4tOC4l-C4ouC4suC4peC4seC4oiDguIHguKPguLjguIfguYDguJfguJ4g4LiE4Liy4LmA4Lif4LmIkgEKcmVzdGF1cmFudKoBkAEKCS9tLzBiNzMxaBABKhMiD-C4hOC4suC5gOC4n-C5iCg1Mh8QASIbmBx6wDmAwOAny8BNlNoAPr_hCzI_UJXjuEHJMksQAiJH4Lih4Lir4Liy4Lin4Li04LiX4Lii4Liy4Lil4Lix4LiiIOC4geC4o-C4uOC4h-C5gOC4l-C4niDguITguLLguYDguJ_guYjgAQA!16s%2Fg%2F11l0b3rnj1?entry=ttu&g_ep=EgoyMDI1MDUwNy4wIKXMDSoASAFQAw%3D%3D",,,,,oc_225,ci_225,option_225,review_224,krongone
Mamie Cafe & Eatery,14.0641946,100.6743698,"https://www.google.com/maps/place/Mamie+Cafe+%26+Eatery/@14.0641946,100.6696062,17z/data=!4m11!1m3!2m2!1z4Lih4Lir4Liy4Lin4Li04LiX4Lii4Liy4Lil4Lix4Lii4LiB4Lij4Li44LiH4LmA4LiX4LieIOC4hOC4suC5gOC4n-C5iA!6e5!3m6!1s0x311d81d70849864b:0x53777795abc5cc6d!8m2!3d14.0641946!4d100.6743698!15sCkbguKHguKvguLLguKfguLTguJfguKLguLLguKXguLHguKLguIHguKPguLjguIfguYDguJfguJ4g4LiE4Liy4LmA4Lif4LmIWkkiR-C4oeC4q-C4suC4p-C4tOC4l-C4ouC4suC4peC4seC4oiDguIHguKPguLjguIfguYDguJfguJ4g4LiE4Liy4LmA4Lif4LmIkgEEY2FmZZoBI0NoWkRTVWhOTUc5blMwVkpRMEZuU1VNMmJWQm1ibEpCRUFFqgGQAQoJL20vMGI3MzFoEAEqEyIP4LiE4Liy4LmA4Lif4LmIKDUyHxABIhuYHHrAOYDA4CfLwE2U2gA-v-ELMj9QleO4QckySxACIkfguKHguKvguLLguKfguLTguJfguKLguLLguKXguLHguKIg4LiB4Lij4Li44LiH4LmA4LiX4LieIOC4hOC4suC5gOC4n-C5iOABAPoBBAgAED4!16s%2Fg%2F11kl33s2cf?entry=ttu&g_ep=EgoyMDI1MDUwNy4wIKXMDSoASAFQAw%3D%3D",4.5,-356,,,oc_226,ci_226,option_226,review_226,krongone
